,ContractReviewNumber,SalesOrderText,PartText,Sect1Risk1,Sect1Risk2,Sect1Risk3,Sect1Risk4,Sect1Risk5,Sect2Risk1,Sect2Risk2,Sect2Risk3,Sect2Risk4,Sect2Risk5,Sect3Risk1,Sect3Risk2,Sect3Risk3,Sect3Risk4,Sect3Risk5,Sect4Risk1,Sect4Risk2,Sect4Risk3,Sect4Risk4,Sect4Risk5,Sect5Risk1,Sect5Risk2,Sect5Risk3,Sect5Risk4,Sect5Risk5
0,13344,Sales Order,1TD1135D17306-2001,False,False,True,False,False,False,False,True,False,False,False,False,True,False,False,False,False,True,False,False,False,False,True,False,False
0,13344,Sales Order,1TD1135D17306-2003,False,False,True,False,False,False,False,True,False,False,False,False,True,False,False,False,False,True,False,False,False,False,True,False,False
0,13346,Sales Order,1TD1130D07012-9503,False,True,False,False,False,False,True,False,False,False,False,False,True,False,False,False,True,False,False,False,False,True,False,False,False
0,13347,Sales Order,A090512D3011-2001,False,False,True,False,False,False,False,True,False,False,False,False,False,False,False,False,False,True,False,False,False,True,False,False,False
0,13347,Sales Order,A090512D3012-1001,False,False,True,False,False,False,False,True,False,False,False,False,True,False,False,False,False,True,False,False,False,True,False,False,False
0,13347,Sales Order,A090512D4014-1001,False,False,True,False,False,False,False,True,False,False,False,False,True,False,False,False,False,True,False,False,False,True,False,False,False
0,13347,Sales Order,A090512D5011-2001,False,False,True,False,False,False,False,True,False,False,False,False,True,False,False,False,False,True,False,False,False,True,False,False,False
0,13347,Sales Order,A090512D5011-2002,False,False,True,False,False,False,False,True,False,False,False,False,True,False,False,False,False,True,False,False,False,True,False,False,False
0,13347,Sales Order,A090512D5011-2003,False,False,True,False,False,False,False,True,False,False,False,False,True,False,False,False,False,True,False,False,False,True,False,False,False
0,13347,Sales Order,A090512D5011-2004,False,False,True,False,False,False,False,True,False,False,False,False,True,False,False,False,False,True,False,False,False,True,False,False,False
0,13347,Sales Order,A090512D4011-2001,False,False,True,False,False,False,False,True,False,False,False,False,True,False,False,False,False,True,False,False,False,True,False,False,False
0,13347,Sales Order,A090512D4011-2001,False,False,True,False,False,False,False,True,False,False,False,False,True,False,False,False,False,True,False,False,False,True,False,False,False
0,13347,Sales Order,A090512D4011-2005,False,False,True,False,False,False,False,True,False,False,False,False,True,False,False,False,False,True,False,False,False,True,False,False,False
0,13347,Sales Order,A090512D4011-2006,False,False,True,False,False,False,False,True,False,False,False,False,True,False,False,False,False,True,False,False,False,True,False,False,False
0,13347,Sales Order,A090512D4012-2001,False,False,True,False,False,False,False,True,False,False,False,False,True,False,False,False,False,True,False,False,False,True,False,False,False
0,13347,Sales Order,A090512D4012-2002,False,False,True,False,False,False,False,True,False,False,False,False,True,False,False,False,False,True,False,False,False,True,False,False,False
0,13347,Sales Order,A090512D4012-2003,False,False,True,False,False,False,False,True,False,False,False,False,True,False,False,False,False,True,False,False,False,True,False,False,False
0,13347,Sales Order,A090512D4012-2004,False,False,True,False,False,False,False,True,False,False,False,False,True,False,False,False,False,True,False,False,False,True,False,False,False
0,13349,Sales Order,1TD13G1A21202-9502,False,True,False,False,False,False,True,False,False,False,False,False,True,False,False,False,True,False,False,False,False,False,True,False,False
0,13350,Sales Order,1TD13G1A21203-9502,False,True,False,False,False,False,True,False,False,False,False,False,True,False,False,False,True,False,False,False,False,False,True,False,False
0,13352,Sales Order,366605-11,False,True,False,False,False,False,True,False,False,False,False,True,False,False,False,False,True,False,False,False,True,False,False,False,False
0,13353,Sales Order,366605-11,False,True,False,False,False,False,True,False,False,False,False,True,False,False,False,True,False,False,False,False,True,False,False,False,False
0,13355,Sales Order,1TD1135D57605-2005-801,False,False,False,True,False,False,False,False,True,False,False,False,True,False,False,False,False,True,False,False,False,False,True,False,False
0,13355,Sales Order,1TD1135D57605-2006-801,False,False,False,True,False,False,False,False,True,False,False,False,True,False,False,False,False,True,False,False,True,False,False,False,False
0,13355,Sales Order,1TD1135D57605-2007-801,False,False,False,True,False,False,False,False,True,False,False,False,True,False,False,False,False,True,False,False,False,False,True,False,False
0,13355,Sales Order,1TD1135D57605-2008-801,False,False,False,True,False,False,False,False,True,False,False,False,True,False,False,False,False,True,False,False,False,False,True,False,False
0,13355,Sales Order,1TD1135D57605-2009-801,False,False,False,True,False,False,False,False,True,False,False,False,True,False,False,False,False,True,False,False,False,False,True,False,False
0,13355,Sales Order,1TD1135D57605-2010-801,False,False,False,True,False,False,False,False,True,False,False,False,True,False,False,False,False,True,False,False,False,False,True,False,False
0,13355,Sales Order,1TD1135D57605-2011-801,False,False,False,True,False,False,False,False,True,False,False,False,True,False,False,False,False,True,False,False,False,False,True,False,False
0,13355,Sales Order,1TD1135D57605-2012-801,False,False,False,True,False,False,False,False,True,False,False,False,True,False,False,False,False,True,False,False,False,False,True,False,False
0,13104,Sales Order,1TD1135D19202-2007,False,True,False,False,False,False,True,False,False,False,False,True,False,False,False,False,False,True,False,False,False,False,True,False,False
0,13014,Sales Order,1TD1135D19202-2009,False,False,True,False,False,False,False,True,False,False,False,False,True,False,False,False,False,True,False,False,False,False,True,False,False
0,13104,Sales Order,1TD1135D19202-2011,False,False,True,False,False,False,False,True,False,False,False,False,True,False,False,False,True,False,False,False,False,False,True,False,False
0,13105,Sales Order,1TD1135D57301-2005-801,False,False,True,False,False,False,False,True,False,False,False,False,True,False,False,False,True,False,False,False,False,True,False,False,False
0,13105,Sales Order,1TD1135D57301-2006-801,False,False,False,False,False,False,False,True,False,False,False,False,True,False,False,False,True,False,False,False,False,True,False,False,False
0,13105,Sales Order,1TD1135D57301-2007-801,False,False,False,False,False,False,False,True,False,False,False,False,True,False,False,False,True,False,False,False,False,True,False,False,False
0,13105,Sales Order,1TD1135D57301-2008-801,False,False,True,False,False,False,False,True,False,False,False,False,True,False,False,False,True,False,False,False,False,True,False,False,False
0,13111,Sales Order,1TD1135D57303-2005-801,False,False,True,False,False,False,False,True,False,False,False,False,True,False,False,False,False,True,False,False,False,False,True,False,False
0,13111,Sales Order,1TD1135D57303-2006-801,False,False,True,False,False,False,False,True,False,False,False,False,True,False,False,False,True,False,False,False,False,False,True,False,False
0,13114,Sales Order,1TD1135D37419-1005-701,False,False,True,False,False,False,False,True,False,False,False,False,True,False,False,False,True,False,False,False,False,False,True,False,False
0,13114,Sales Order,1TD1135D37419-1007-701,False,False,True,False,False,False,False,True,False,False,False,False,True,False,False,False,False,True,False,False,False,False,True,False,False
0,13115,Sales Order,1TD1135D37420-1003-701,False,False,True,False,False,False,False,True,False,False,False,False,True,False,False,False,True,False,False,False,False,True,False,False,False
0,13115,Sales Order,1TD1135D37420-1004-701,False,False,True,False,False,False,False,True,False,False,False,False,True,False,False,False,True,False,False,False,False,True,False,False,False
0,13121,Sales Order,1TD1135D37313-2003-801,False,True,False,False,False,False,True,False,False,False,False,True,False,False,False,False,False,True,False,False,False,True,False,False,False
0,13121,Sales Order,1TD1135D37313-2004-801,False,True,False,False,False,False,True,False,False,False,False,True,False,False,False,False,True,False,False,False,False,True,False,False,False
0,13213,Sales Order,60P5750903M003-01A,False,True,False,False,False,False,True,False,False,False,False,True,False,False,False,False,True,False,False,False,True,False,False,False,False
0,13314,Sales Order,1TD1135D77215-1003-702,False,False,True,False,False,False,False,True,False,False,False,False,True,False,False,False,True,False,False,False,False,True,False,False,False
0,13314,Sales Order,1TD1135D77215-1004-702,False,False,True,False,False,False,False,True,False,False,False,False,True,False,False,False,True,False,False,False,False,True,False,False,False
0,13335,Sales Order,366605-11,True,False,False,False,False,True,False,False,False,False,False,True,False,False,False,False,True,False,False,False,True,False,False,False,False
0,13336,Sales Order,366605-11,True,False,False,False,False,False,False,False,False,False,False,True,False,False,False,False,True,False,False,False,True,False,False,False,False
0,13337,Sales Order,366707-3,False,True,False,False,False,False,True,False,False,False,False,True,False,False,False,False,True,False,False,False,True,False,False,False,False
0,13338,Sales Order,366605-11,False,True,False,False,False,False,True,False,False,False,False,True,False,False,False,False,True,False,False,False,True,False,False,False,False
0,13339,Sales Order,1TD1367A20524-2003,True,False,False,False,False,True,False,False,False,False,False,True,False,False,False,False,True,False,False,False,False,True,False,False,False
0,13339,Sales Order,1TD1367A20513-2005,False,True,False,False,False,False,True,False,False,False,False,True,False,False,False,False,True,False,False,False,False,True,False,False,False
0,13340,Sales Order,1TD1133D07049-2005,False,True,False,False,False,False,True,False,False,False,False,True,False,False,False,False,True,False,False,False,False,False,True,False,False
0,13340,Sales Order,1TD1133D07049-2009,True,False,False,False,False,True,False,False,False,False,False,True,False,False,False,False,True,False,False,False,False,False,True,False,False
0,13341,Sales Order,388174-11,False,True,False,False,False,False,True,False,False,False,False,True,False,False,False,False,True,False,False,False,False,True,False,False,False
0,13348,Sales Order,1TD13G1A21201-9502,False,True,False,False,False,False,True,False,False,False,False,True,False,False,False,False,False,True,False,False,False,False,True,False,False
0,13351,Sales Order,1TD13G1D11106-2327,False,True,False,False,False,False,True,False,False,False,False,False,False,False,False,False,True,False,False,False,True,False,False,False,False
0,13351,Sales Order,1TD13G1D11106-2329,False,True,False,False,False,False,True,False,False,False,False,True,False,False,False,False,True,False,False,False,True,False,False,False,False
0,13354,Sales Order,1TD1150D07030-2003,True,False,False,False,False,True,False,False,False,False,True,False,False,False,False,True,False,False,False,False,True,False,False,False,False
0,13356,Sales Order,60P5755822M002-02A,False,True,False,False,False,False,True,False,False,False,False,True,False,False,False,False,True,False,False,False,False,True,False,False,False
0,13357,Sales Order,60P5755821M002-01A,False,True,False,False,False,False,True,False,False,False,False,True,False,False,False,False,True,False,False,False,False,True,False,False,False
0,13358,Sales Order,60P2815802M003-02A,False,True,False,False,False,False,True,False,False,False,False,True,False,False,False,False,True,False,False,False,False,True,False,False,False
0,13359,Sales Order,60P5755825M002-01A,False,True,False,False,False,False,True,False,False,False,False,True,False,False,False,False,True,False,False,False,False,True,False,False,False
0,13360,Sales Order,60P2815801M003-01A,False,True,False,False,False,False,True,False,False,False,False,True,False,False,False,False,True,False,False,False,False,True,False,False,False
0,13361,Sales Order,60P5755826M002-02A,False,True,False,False,False,False,True,False,False,False,False,True,False,False,False,False,True,False,False,False,False,True,False,False,False
0,13362,Sales Order,60P5755823M002-01A,False,True,False,False,False,False,True,False,False,False,False,True,False,False,False,False,True,False,False,False,False,True,False,False,False
0,13363,Sales Order,60P5755824M002-02A,False,True,False,False,False,False,True,False,False,False,False,True,False,False,False,False,True,False,False,False,False,True,False,False,False
0,13364,Sales Order,1TD13G3A13111-1001,False,True,False,False,False,False,True,False,False,False,False,True,False,False,False,False,True,False,False,False,False,True,False,False,False
0,13364,Sales Order,1TD13G3A13111-1001,False,True,False,False,False,False,True,False,False,False,False,True,False,False,False,False,True,False,False,False,False,True,False,False,False
0,13365,Sales Order,1TD1363A20704-1006,False,True,False,False,False,False,True,False,False,False,False,True,False,False,False,False,True,False,False,False,False,False,True,False,False
0,13366,Sales Order,70301-02116-042,False,True,False,False,False,False,True,False,False,False,False,True,False,False,False,False,True,False,False,False,False,True,False,False,False
0,13367,Sales Order,2CBE30916-2001,False,True,False,False,False,False,True,False,False,False,False,False,True,False,False,False,False,True,False,False,False,False,True,False,False
0,13367,Sales Order,2CBE30881-2001,False,True,False,False,False,False,True,False,False,False,False,False,True,False,False,False,False,True,False,False,False,False,True,False,False
0,13368,Sales Order,366605-11,False,True,False,False,False,False,True,False,False,False,False,True,False,False,False,False,True,False,False,False,True,False,False,False,False
0,13369,Sales Order,366605-11,False,True,False,False,False,False,True,False,False,False,False,True,False,False,False,False,True,False,False,False,True,False,False,False,False
0,13370,Sales Order,70301-02116-042,False,True,False,False,False,False,True,False,False,False,False,False,True,False,False,False,True,False,False,False,False,True,False,False,False
0,13371,Sales Order,1TD13G2D22107-2301,False,True,False,False,False,False,True,False,False,False,False,True,False,False,False,False,True,False,False,False,False,False,True,False,False
0,13371,Sales Order,1TD13G2D22107-2303,False,True,False,False,False,False,True,False,False,False,False,True,False,False,False,False,True,False,False,False,False,True,False,False,False
0,13371,Sales Order,1TD13G2D22107-2302,False,True,False,False,False,False,True,False,False,False,False,True,False,False,False,False,True,False,False,False,False,True,False,False,False
0,13371,Sales Order,1TD13G2D22107-2307,False,True,False,False,False,False,True,False,False,False,False,True,False,False,False,False,True,False,False,False,False,True,False,False,False
0,13373,Sales Order,1TD13G3D13304-2301,False,False,True,False,False,False,False,True,False,False,False,False,False,False,False,False,False,True,False,False,False,True,False,False,False
0,13374,Sales Order,1TD1150D07023-2001,False,False,True,False,False,False,False,True,False,False,False,False,True,False,False,False,True,False,False,False,False,False,True,False,False
0,13374,Sales Order,1TD1150D07023-2003,False,False,True,False,False,False,False,True,False,False,False,False,True,False,False,False,True,False,False,False,False,False,True,False,False
0,13374,Sales Order,1TD1150D07023-2005,False,False,True,False,False,False,False,True,False,False,False,False,True,False,False,False,False,False,False,False,False,False,True,False,False
0,13374,Sales Order,1TD1150D07023-2007,False,False,True,False,False,False,False,True,False,False,False,False,True,False,False,False,True,False,False,False,False,False,True,False,False
0,13375,Sales Order,1TD1343D00217-1003,False,True,False,False,False,False,True,False,False,False,False,True,False,False,False,False,True,False,False,False,False,False,True,False,False
0,13375,Sales Order,1TD1343D00033-1007,False,True,False,False,False,False,True,False,False,False,False,False,True,False,False,False,False,True,False,False,False,False,True,False,False
0,13375,Sales Order,1TD1343D00033-1005,False,True,False,False,False,False,True,False,False,False,False,False,True,False,False,False,False,True,False,False,False,False,True,False,False
0,13375,Sales Order,1TD1343D00033-1003,False,False,False,False,False,False,True,False,False,False,False,False,True,False,False,False,False,True,False,False,False,False,True,False,False
0,13375,Sales Order,1TD1343D00033-1001,False,True,False,False,False,False,True,False,False,False,False,False,True,False,False,False,False,True,False,False,False,False,True,False,False
0,13375,Sales Order,1TD1343A00215-1001,False,False,True,False,False,False,False,True,False,False,False,False,True,False,False,False,False,True,False,False,False,False,True,False,False
0,13375,Sales Order,1TD1343A00214-1003,False,True,False,False,False,False,True,False,False,False,False,False,True,False,False,False,False,True,False,False,False,False,True,False,False
0,13375,Sales Order,1TD1343A00214-1001,False,False,True,False,False,False,False,True,False,False,False,False,True,False,False,False,False,True,False,False,False,False,True,False,False
0,13376,Sales Order,366605-11,False,True,False,False,False,False,True,False,False,False,False,True,False,False,False,False,True,False,False,False,True,False,False,False,False
0,13377,Sales Order,366605-11,False,True,False,False,False,False,True,False,False,False,False,True,False,False,False,False,True,False,False,False,True,False,False,False,False
0,13378,Sales Order,148A6354-154,False,True,False,False,False,False,True,False,False,False,False,True,False,False,False,False,True,False,False,False,True,False,False,False,False
0,13379,Sales Order,148A6354-153,False,True,False,False,False,False,True,False,False,False,False,True,False,False,False,False,True,False,False,False,True,False,False,False,False
0,13380,Sales Order,DA322A0395-401,False,False,True,False,False,False,False,True,False,False,False,False,True,False,False,False,True,False,False,False,False,False,True,False,False
0,13381,Sales Order,842-349640-1,False,False,True,False,False,False,False,True,False,False,False,False,True,False,False,False,True,False,False,False,False,True,False,False,False
0,13382,Sales Order,5-89525-6,False,True,False,False,False,False,True,False,False,False,False,False,True,False,False,False,True,False,False,False,False,True,False,False,False
0,13383,Sales Order,366605-11,False,True,False,False,False,False,True,False,False,False,False,True,False,False,False,False,True,False,False,False,True,False,False,False,False
0,13384,Sales Order,70301-02116-042,False,True,False,False,False,False,True,False,False,False,False,True,False,False,False,False,True,False,False,False,False,True,False,False,False
0,13386,Sales Order,1TD13G3D13814-2301,False,True,False,False,False,False,True,False,False,False,False,True,False,False,False,True,False,False,False,False,False,True,False,False,False
0,13387,Sales Order,1TD1150D07039-2005,False,True,False,False,False,False,True,False,False,False,False,True,False,False,False,False,False,True,False,False,False,True,False,False,False
0,13387,Sales Order,1TD1150D07039-2006,False,True,False,False,False,False,True,False,False,False,False,True,False,False,False,False,False,True,False,False,False,True,False,False,False
0,13387,Sales Order,1TD1150D07039-2007,False,True,False,False,False,False,True,False,False,False,False,True,False,False,False,False,False,True,False,False,False,True,False,False,False
0,13387,Sales Order,1TD1150D07039-2008,False,True,False,False,False,False,True,False,False,False,False,True,False,False,False,False,False,True,False,False,False,True,False,False,False
0,13387,Sales Order,1TD1150D07039-9505,False,True,False,False,False,False,True,False,False,False,False,True,False,False,False,False,False,True,False,False,False,False,True,False,False
0,13387,Sales Order,1TD1150D07039-9506,False,False,False,False,False,False,True,False,False,False,False,True,False,False,False,False,False,True,False,False,False,True,False,False,False
0,13387,Sales Order,1TD1150D07039-9507,False,True,False,False,False,False,True,False,False,False,False,True,False,False,False,False,False,True,False,False,False,True,False,False,False
0,13387,Sales Order,1TD1150D07039-9508,False,True,False,False,False,False,True,False,False,False,False,True,False,False,False,False,False,True,False,False,False,True,False,False,False
0,13388,Sales Order,842-349640-1,False,False,True,False,False,False,False,True,False,False,False,False,True,False,False,False,True,False,False,False,False,False,True,False,False
0,13389,Sales Order,A090511D0502-2011,False,False,True,False,False,False,False,True,False,False,False,False,True,False,False,False,True,False,False,False,False,True,False,False,False
0,13390,Sales Order,1TD1335A00209-2003,False,True,False,False,False,False,True,False,False,False,False,True,False,False,False,False,False,True,False,False,False,False,True,False,False
0,13391,Sales Order,70301-02116-042,False,True,False,False,False,False,True,False,False,False,False,True,False,False,False,False,True,False,False,False,False,True,False,False,False
0,13393,Sales Order,17P2C1017-1,False,True,False,False,False,False,True,False,False,False,False,True,False,False,False,False,True,False,False,False,False,False,True,False,False
0,13394,Sales Order,1TDS4211001,False,False,True,False,False,False,False,True,False,False,False,False,True,False,False,False,True,False,False,False,True,False,False,False,False
0,13395,Sales Order,74A428075-2006SP,False,False,True,False,False,False,False,True,False,False,False,False,True,False,False,False,False,True,False,False,False,False,True,False,False
0,13396,Sales Order,74A735631-5203,False,True,False,False,False,False,True,False,False,False,False,False,True,False,False,False,False,True,False,False,False,False,False,True,False
0,13397,Sales Order,113W2122-23,False,False,True,False,False,False,False,True,False,False,False,False,False,False,False,False,True,False,False,False,True,False,False,False,False
0,13398,Sales Order,113W2122-23,False,False,True,False,False,False,False,True,False,False,False,False,True,False,False,False,True,False,False,False,True,False,True,False,False
0,13399,Sales Order,60P5755822M002-02A,False,True,False,False,False,False,True,False,False,False,False,True,False,False,False,False,True,False,False,False,False,True,False,False,False
0,13400,Sales Order,60P5755824M002-02A,False,True,False,False,False,False,True,False,False,False,False,True,False,False,False,False,True,False,False,False,False,True,False,False,False
0,13401,Sales Order,60P2815801M003-01A,False,True,False,False,False,False,True,False,False,False,False,True,False,False,False,False,True,False,False,False,False,True,False,False,False
0,13403,Sales Order,60P2815802M003-02A,False,True,False,False,False,False,True,False,False,False,False,False,False,False,False,False,True,False,False,False,False,True,False,False,False
0,13406,Sales Order,60P5755821M002-01A,False,True,False,False,False,False,True,False,False,False,False,True,False,False,False,False,True,False,False,False,False,True,False,False,False
0,13407,Sales Order,2CBE40980-2001,False,False,True,False,False,False,False,True,False,False,False,False,False,False,False,False,False,True,False,False,False,False,True,False,False
0,13408,Sales Order,366605-11,False,True,False,False,False,False,True,False,False,False,False,True,False,False,False,False,True,False,False,False,True,False,False,False,False
0,13409,Sales Order,70302-02139-041 TAI,False,True,False,False,False,False,True,False,False,False,False,True,False,False,False,False,True,False,False,False,False,True,False,False,False
0,13410,Sales Order,1TD1367D20603-2001,False,True,False,False,False,False,True,False,False,False,False,True,False,False,False,False,True,False,False,False,False,True,False,False,False
0,13410,Sales Order,1TD13G3D13152-2307,True,False,False,False,False,False,True,False,False,False,False,True,False,False,False,False,False,False,False,False,False,True,False,False,False
0,13411,Sales Order,1TD1361D20536-2001,False,True,False,False,False,False,True,False,False,False,False,True,False,False,False,False,True,False,False,False,False,True,False,False,False
0,13412,Sales Order,1TD1361D20203-9001,False,True,False,False,False,False,True,False,False,False,False,True,False,False,False,False,True,False,False,False,False,True,False,False,False
0,13413,Sales Order,1TD13G4D24109-1003,False,True,False,False,False,False,True,False,False,False,False,True,False,False,False,False,True,False,False,False,False,True,False,False,False
0,13413,Sales Order,1TD13G4D24109-1004,False,True,False,False,False,False,True,False,False,False,False,True,False,False,False,False,True,False,False,False,False,True,False,False,False
0,13414,Sales Order,1TD13G4D24106-1003,False,False,True,False,False,False,False,True,False,False,False,True,False,False,False,False,True,False,False,False,False,True,False,False,False
0,13414,Sales Order,1TD13G4D24106-1004,False,False,True,False,False,False,False,True,False,False,False,True,False,False,False,False,True,False,False,False,False,True,False,False,False
0,13415,Sales Order,148A6354-153,False,True,False,False,False,False,True,False,False,False,False,True,False,False,False,False,True,False,False,False,True,False,False,False,False
0,13416,Sales Order,148A6354-154,False,True,False,False,False,False,True,False,False,False,False,False,False,False,False,False,True,False,False,False,True,False,False,False,False
0,13417,Sales Order,69B13435-1,False,True,False,False,False,False,True,False,False,False,False,True,False,False,False,False,True,False,False,False,True,False,False,False,False
0,13419,Sales Order,1TD13G9D00301-2311,False,True,False,False,False,False,True,False,False,False,False,True,False,False,False,False,True,False,False,False,False,False,True,False,False
0,13419,Sales Order,1TD13G9D00301-2313,False,True,False,False,False,False,True,False,False,False,False,True,False,False,False,False,False,True,False,False,False,False,True,False,False
0,13419,Sales Order,1TD13G9D00301-2315,False,True,False,False,False,False,True,False,False,False,False,True,False,False,False,False,False,True,False,False,False,False,True,False,False
0,13420,Sales Order,1TD13G1A11205-1001,False,False,True,False,False,False,False,True,False,False,False,False,False,False,False,False,False,True,False,False,False,False,True,False,False
0,13421,Sales Order,1TD13G1D11307-1003,False,True,False,False,False,False,True,False,False,False,False,False,False,False,False,False,False,True,False,False,False,False,True,False,False
0,13422,Sales Order,114U4212-31,False,False,False,True,False,False,False,False,True,False,False,False,True,False,False,False,False,True,False,False,False,True,False,False,False
0,13423,Sales Order,DA322A0002-501,False,False,True,False,False,False,False,True,False,False,False,False,True,False,False,False,True,False,False,False,False,False,True,False,False
0,13424,Sales Order,1TD1131D23026-2015,False,True,False,False,False,False,True,False,False,False,False,True,False,False,False,False,True,False,False,False,False,True,False,False,False
0,13424,Sales Order,1TD1131D23026-2017,False,True,False,False,False,False,True,False,False,False,False,True,False,False,False,False,True,False,False,False,False,True,False,False,False
0,13424,Sales Order,1TD1131D23026-2018,False,True,False,False,False,False,True,False,False,False,False,True,False,False,False,False,True,False,False,False,False,True,False,False,False
0,13424,Sales Order,1TD1131D23026-2019,False,True,False,False,False,False,True,False,False,False,False,True,False,False,False,False,True,False,False,False,False,True,False,False,False
0,13424,Sales Order,1TD1131D23026-2023,False,True,False,False,False,False,True,False,False,False,False,True,False,False,False,False,True,False,False,False,False,True,False,False,False
0,13424,Sales Order,1TD1131D23026-2025,False,True,False,False,False,False,True,False,False,False,False,True,False,False,False,False,True,False,False,False,False,True,False,False,False
0,13425,Sales Order,17TD1131D17026-2001,False,False,True,False,False,False,False,True,False,False,False,False,False,False,False,False,False,True,False,False,False,True,False,False,False
0,13425,Sales Order,1TD1131D17026-2002,False,False,True,False,False,False,False,True,False,False,False,False,False,False,False,False,False,True,False,False,False,True,False,False,False
0,13426,Sales Order,1TD1363A20704-1001,False,True,False,False,False,False,True,False,False,False,False,True,False,False,False,False,True,False,False,False,False,True,False,False,False
0,13426,Sales Order,1TD1363A20704-1009,False,True,False,False,False,False,True,False,False,False,False,True,False,False,False,False,True,False,False,False,False,True,False,False,False
0,13426,Sales Order,1TD1363A20704-1007,False,True,False,False,False,False,True,False,False,False,False,True,False,False,False,False,True,False,False,False,False,True,False,False,False
0,13426,Sales Order,1TD1363A20704-1008,False,True,False,False,False,False,True,False,False,False,False,True,False,False,False,False,True,False,False,False,False,True,False,False,False
0,13427,Sales Order,366605-11,False,True,False,False,False,False,True,False,False,False,False,True,False,False,False,False,True,False,False,False,True,False,False,False,False
0,13429,Sales Order,1TD13G1D11106-2313,False,True,False,False,False,False,True,False,False,False,False,True,False,False,False,False,True,False,False,False,False,True,False,False,False
0,13429,Sales Order,1TD13G1D11106-2314,True,False,False,False,False,True,False,False,False,False,True,False,False,False,False,False,True,False,False,False,False,True,False,False,False
0,13429,Sales Order,1TD13G1D11106-2315,True,False,False,False,False,True,False,False,False,False,True,False,False,False,False,False,True,False,False,False,False,True,False,False,False
0,13429,Sales Order,1TD13G1D11106-2316,True,False,False,False,False,True,False,False,False,False,True,False,False,False,False,False,True,False,False,False,False,True,False,False,False
0,13429,Sales Order,1TD13G1D11106-2317,True,False,False,False,False,True,False,False,False,False,True,False,False,False,False,False,True,False,False,False,False,True,False,False,False
0,13429,Sales Order,1TD13G1D11106-2318,True,False,False,False,False,True,False,False,False,False,True,False,False,False,False,False,True,False,False,False,False,True,False,False,False
0,13430,Sales Order,1TD13G1D11106-2325,False,True,False,False,False,False,True,False,False,False,False,True,False,False,False,False,True,False,False,False,True,False,False,False,False
0,13430,Sales Order,1TD13G1D11106-2327,False,True,False,False,False,False,True,False,False,False,False,True,False,False,False,False,True,False,False,False,True,False,False,False,False
0,13430,Sales Order,1TD13G1D11106-2329,False,True,False,False,False,False,True,False,False,False,False,True,False,False,False,False,True,False,False,False,True,False,False,False,False
0,13431,Sales Order,1TD13G1D11104-2307,False,True,False,False,False,False,True,False,False,False,False,True,False,False,False,False,True,False,False,False,False,True,False,False,False
0,13431,Sales Order,1TD13G1D11104-2309,False,True,False,False,False,False,True,False,False,False,False,True,False,False,False,False,True,False,False,False,False,True,False,False,False
0,13432,Sales Order,366605-11,False,True,False,False,False,False,True,False,False,False,False,True,False,False,False,False,True,False,False,False,True,False,False,False,False
0,13433,Sales Order,366605-11,False,True,False,False,False,False,True,False,False,False,False,True,False,False,False,False,True,False,False,False,True,False,False,False,False
0,13434,Sales Order,366605-11,False,True,False,False,False,False,True,False,False,False,False,True,False,False,False,False,True,False,False,False,True,False,False,False,False
0,13435,Sales Order,1TD13G6D32401-1011,False,False,True,False,False,False,False,True,False,False,False,False,False,False,False,False,False,True,False,False,False,False,True,False,False
0,13436,Sales Order,366605-11,False,True,False,False,False,False,True,False,False,False,False,True,False,False,False,False,True,False,False,False,True,False,False,False,False
0,13437,Sales Order,366605-11,False,True,False,False,False,False,True,False,False,False,False,True,False,False,False,False,True,False,False,False,True,False,False,False,False
0,13438,Sales Order,366707-3,False,True,False,False,False,False,True,False,False,False,False,True,False,False,False,False,True,False,False,False,True,False,False,False,False
0,13439,Sales Order,1TD13G3D13304-2301,False,True,False,False,False,False,True,False,False,False,False,True,False,False,False,False,True,False,False,False,False,True,False,False,False
0,13440,Sales Order,DA322A0053-501,False,False,True,False,False,False,False,True,False,False,False,False,True,False,False,False,True,False,False,False,False,False,True,False,False
0,13441,Sales Order,842-349640-1,False,False,True,False,False,False,False,True,False,False,False,False,True,False,False,False,True,False,False,False,False,True,False,False,False
0,13442,Sales Order,366707-3,False,True,False,False,False,False,True,False,False,False,False,True,False,False,False,False,True,False,False,False,True,False,False,False,False
0,13443,Sales Order,366707-3,False,True,False,False,False,False,False,False,False,False,False,True,False,False,False,False,True,False,False,False,True,False,False,False,False
0,13444,Sales Order,1TD13G1A21203-1001,False,True,False,False,False,False,True,False,False,False,False,True,False,False,False,False,True,False,False,False,False,True,False,False,False
0,13444,Sales Order,1TD13G1A21203-1002,False,True,False,False,False,False,True,False,False,False,False,True,False,False,False,False,True,False,False,False,False,True,False,False,False
0,13446,Sales Order,1TD13G3D13302-1001,False,True,False,False,False,False,True,False,False,False,False,True,False,False,False,False,True,False,False,False,False,True,False,False,False
0,13446,Sales Order,1TD13G3D13302-1003,False,True,False,False,False,False,True,False,False,False,False,True,False,False,False,False,True,False,False,False,False,True,False,False,False
0,13448,Sales Order,842-349640-1,False,False,True,False,False,False,False,True,False,False,False,False,True,False,False,False,True,False,False,False,False,True,False,False,False
0,13449,Sales Order,842-349640-1,False,False,True,False,False,False,False,True,False,False,False,False,True,False,False,False,True,False,False,False,False,True,False,False,False
0,13450,Sales Order,152W1499-1,False,False,True,False,False,False,False,True,False,False,False,False,True,False,False,False,True,False,False,False,True,False,False,False,False
0,13451,Sales Order,1TD1367A20524-2003,True,False,False,False,False,True,False,False,False,False,True,False,False,False,False,False,True,False,False,False,True,False,False,False,False
0,13452,Sales Order,1TD1130D07033-1013,False,True,False,False,False,False,True,False,False,False,False,True,False,False,False,False,False,True,False,False,False,False,True,False,False
0,13452,Sales Order,1TD1130D07033-1014,False,True,False,False,False,False,False,False,False,False,False,True,False,False,False,False,False,True,False,False,False,False,True,False,False
0,13452,Sales Order,1TD1130D07033-1015,False,True,False,False,False,False,True,False,False,False,False,True,False,False,False,False,False,True,False,False,False,False,False,False,False
0,13452,Sales Order,1TD1130D07033-1016,False,True,False,False,False,False,True,False,False,False,False,True,False,False,False,False,False,True,False,False,False,False,True,False,False
0,13453,Sales Order,1TD13G3D13101-2315,True,False,False,False,False,True,False,False,False,False,True,False,False,False,False,False,True,False,False,False,True,False,False,False,False
0,13454,Sales Order,148A6354-153,True,False,False,False,False,True,False,False,False,False,False,True,False,False,False,False,True,False,False,False,False,True,False,False,False
0,13455,Sales Order,148A6354-154,True,False,False,False,False,True,False,False,False,False,False,True,False,False,False,False,True,False,False,False,True,False,False,False,False
0,13456,Sales Order,69-77223-1,False,True,False,False,False,False,True,False,False,False,False,True,False,False,False,False,True,False,False,False,True,False,False,False,False
0,13457,Sales Order,69-77163-1,False,True,False,False,False,False,True,False,False,False,False,True,False,False,False,False,True,False,False,False,True,False,False,False,False
0,13458,Sales Order,16B6553-9,False,False,True,False,False,False,False,True,False,False,False,False,True,False,False,False,False,True,False,False,False,False,True,False,False
0,13459,Sales Order,1TD1342D10103-4005,True,False,False,False,False,True,False,False,False,False,False,True,False,False,False,False,True,False,False,False,False,False,True,False,False
0,13460,Sales Order,A090511D0502-2011,False,True,False,False,False,False,True,False,False,False,False,True,False,False,False,False,True,False,False,False,False,False,True,False,False
0,13461,Sales Order,16K0573-17,False,True,False,False,False,False,True,False,False,False,False,True,False,False,False,False,True,False,False,False,False,True,False,False,False
0,13462,Sales Order,1TD1130D07011-2011,False,True,False,False,False,False,True,False,False,False,False,True,False,False,False,False,True,False,False,False,False,True,False,False,False
0,13463,Sales Order,70301-02116-042,False,True,False,False,False,False,True,False,False,False,False,True,False,False,False,False,True,False,False,False,False,True,False,False,False
0,13463,Sales Order,70301-02116-041,False,True,False,False,False,False,True,False,False,False,False,True,False,False,False,False,True,False,False,False,False,True,False,False,False
0,13464,Sales Order,70301-02116-042,False,True,False,False,False,False,True,False,False,False,False,True,False,False,False,False,True,False,False,False,False,True,False,False,False
0,13465,Sales Order,901-036-884-117,False,True,False,False,False,False,True,False,False,False,False,True,False,False,False,False,True,False,False,False,False,True,False,False,False
0,13466,Sales Order,1TD13G1D11104-2307,False,True,False,False,False,False,True,False,False,False,False,True,False,False,False,False,True,False,False,False,False,True,False,False,False
0,13466,Sales Order,1TD13G1D11104-2309,False,True,False,False,False,False,True,False,False,False,False,True,False,False,False,False,True,False,False,False,False,True,False,False,False
0,13467,Sales Order,1TD13G1A21209-1007,False,False,True,False,False,False,False,True,False,False,False,False,True,False,False,False,False,True,False,False,False,False,True,False,False
0,13467,Sales Order,1TD13G1A21209-1008,False,False,True,False,False,False,False,True,False,False,False,False,True,False,False,False,False,True,False,False,False,False,True,False,False
0,13467,Sales Order,1TD13G1A21209-1009,False,False,True,False,False,False,False,True,False,False,False,False,True,False,False,False,False,True,False,False,False,False,True,False,False
0,13467,Sales Order,1TD13G1A21209-1010,False,False,True,False,False,False,False,True,False,False,False,False,True,False,False,False,False,True,False,False,False,False,True,False,False
0,13467,Sales Order,1TD13G1A21209-1011,False,False,True,False,False,False,False,True,False,False,False,False,True,False,False,False,False,True,False,False,False,False,True,False,False
0,13467,Sales Order,1TD13G1A21209-1012,False,False,True,False,False,False,False,True,False,False,False,False,True,False,False,False,False,True,False,False,False,False,True,False,False
0,13468,Sales Order,1TD13G2D01013-2302,False,True,False,False,False,False,True,False,False,False,False,True,False,False,False,False,True,False,False,False,False,True,False,False,False
0,13469,Sales Order,AVB-001-1,False,False,True,False,False,False,False,True,False,False,False,False,True,False,False,False,False,True,False,False,False,False,True,False,False
0,13469,Sales Order,AVB-001-2,False,True,False,False,False,False,True,False,False,False,False,True,False,False,False,False,False,True,False,False,False,False,True,False,False
0,13469,Sales Order,AFPO01-7,False,True,False,False,False,False,True,False,False,False,False,True,False,False,False,False,False,True,False,False,False,False,True,False,False
0,13470,Sales Order,70301-02116-042,False,True,False,False,False,False,True,False,False,False,False,True,False,False,False,False,True,False,False,False,True,False,False,False,False
0,13471,Sales Order,148A6354-153,False,True,False,False,False,False,True,False,False,False,False,True,False,False,False,False,True,False,False,False,True,False,False,False,False
0,13472,Sales Order,1TD1132D06014-2001,True,False,False,False,False,True,False,False,False,False,False,True,False,False,False,False,True,False,False,False,False,False,False,False,False
0,13472,Sales Order,1TD1132D06014-2003,True,False,False,False,False,True,False,False,False,False,False,True,False,False,False,False,True,False,False,False,False,True,False,False,False
0,13472,Sales Order,1TD1132D06016-2001,True,False,False,False,False,True,False,False,False,False,False,True,False,False,False,False,True,False,False,False,False,True,False,False,False
0,13472,Sales Order,1TD1132D06016-2002,True,False,False,False,False,True,False,False,False,False,False,True,False,False,False,False,True,False,False,False,False,True,False,False,False
0,13472,Sales Order,1TD1132D06017-2001,False,True,False,False,False,False,True,False,False,False,False,True,False,False,False,False,True,False,False,False,False,True,False,False,False
0,13472,Sales Order,1TD1132D06018-2001,False,True,False,False,False,False,True,False,False,False,False,True,False,False,False,False,True,False,False,False,False,True,False,False,False
0,13472,Sales Order,1TD1132D06018-2002,False,True,False,False,False,False,True,False,False,False,False,True,False,False,False,False,True,False,False,False,False,True,False,False,False
0,13473,Sales Order,1TD1133D07036-2003,True,False,False,False,False,True,False,False,False,False,False,True,False,False,False,False,True,False,False,False,False,True,False,False,False
0,13473,Sales Order,1TD1133D07036-2004,True,False,False,False,False,True,False,False,False,False,False,True,False,False,False,False,True,False,False,False,False,True,False,False,False
0,13474,Sales Order,5-89525-6,False,True,False,False,False,False,True,False,False,False,False,True,False,False,False,False,True,False,False,False,False,True,False,False,False
0,13475,Sales Order,17P2C1017-1,False,True,False,False,False,False,True,False,False,False,False,True,False,False,False,False,True,False,False,False,False,True,False,False,False
0,13476,Sales Order,1TD1135D37417-1003-701,False,False,True,False,False,False,False,True,False,False,False,False,True,False,False,False,False,True,False,False,False,False,True,False,False
0,13476,Sales Order,1TD1135D37417-1004-701,False,False,True,False,False,False,False,True,False,False,False,False,True,False,False,False,False,True,False,False,False,False,True,False,False
0,13477,Sales Order,1TD13G6D32105-1009,False,False,True,False,False,False,False,True,False,False,False,False,True,False,False,False,True,False,False,False,False,False,True,False,False
0,13477,Sales Order,1TD13G6D32105-1011,False,False,True,False,False,False,False,True,False,False,False,False,True,False,False,False,True,False,False,False,False,False,True,False,False
0,13478,Sales Order,1TD13G3D13810-2303,True,False,False,False,False,True,False,False,False,False,True,False,False,False,False,False,True,False,False,False,False,True,False,False,False
0,13479,Sales Order,70301-10008-044,False,True,False,False,False,False,True,False,False,False,False,True,False,False,False,False,True,False,False,False,False,True,False,False,False
0,13480,Sales Order,70301-02116-042,False,True,False,False,False,False,True,False,False,False,False,True,False,False,False,False,True,False,False,False,False,True,False,False,False
0,13481,Sales Order,1TD13G4D24109-1004,False,True,False,False,False,False,True,False,False,False,False,True,False,False,False,False,True,False,False,False,False,False,False,False,False
0,13482,Sales Order,1TD1135D37313-2003-801,False,True,False,False,False,False,True,False,False,False,False,True,False,False,False,False,True,False,False,False,False,True,False,False,False
0,13482,Sales Order,1TD1135D37313-2004-801,False,True,False,False,False,False,True,False,False,False,False,True,False,False,False,False,True,False,False,False,False,True,False,False,False
0,13483,Sales Order,1TD1135D19202-2007,False,True,False,False,False,False,True,False,False,False,False,True,False,False,False,False,True,False,False,False,False,True,False,False,False
0,13483,Sales Order,1TD1135D19202-2009,True,False,False,False,False,True,False,False,False,False,True,False,False,False,False,False,True,False,False,False,True,False,False,False,False
0,13483,Sales Order,1TD1135D19202-2011,False,True,False,False,False,False,True,False,False,False,False,True,False,False,False,False,True,False,False,False,False,True,False,False,False
0,13484,Sales Order,1TD1135D77212-2001-801,False,True,False,False,False,False,True,False,False,False,False,True,False,False,False,False,True,False,False,False,False,True,False,False,False
0,13484,Sales Order,1TD1135D77212-2002-801,False,True,False,False,False,False,True,False,False,False,False,True,False,False,False,False,True,False,False,False,False,True,False,False,False
0,13485,Sales Order,1TD1135D13614-2003,False,True,False,False,False,False,True,False,False,False,False,True,False,False,False,False,False,True,False,False,False,True,False,False,False
0,13486,Sales Order,1TD1367D20603-2001,False,True,False,False,False,False,True,False,False,False,False,True,False,False,False,False,True,False,False,False,False,True,False,False,False
0,13486,Sales Order,1TD1367D20603-2003,False,True,False,False,False,False,True,False,False,False,False,True,False,False,False,False,True,False,False,False,False,True,False,False,False
0,13486,Sales Order,1TD1367D20603-2005,False,True,False,False,False,False,True,False,False,False,False,True,False,False,False,False,True,False,False,False,False,True,False,False,False
0,13487,Sales Order,366605-11,False,True,False,False,False,False,True,False,False,False,False,True,False,False,False,False,True,False,False,False,True,False,False,False,False
0,13489,Sales Order,366605-11,False,True,False,False,False,False,True,False,False,False,False,True,False,False,False,False,True,False,False,False,True,False,False,False,False
0,13490,Sales Order,60P5750789M005-01B,False,True,False,False,False,False,True,False,False,False,False,True,False,False,False,False,True,True,False,False,False,True,False,False,False
0,13490,Sales Order,60P5750790M005-02C.,False,True,False,False,False,False,True,False,False,False,False,True,False,False,False,False,True,False,False,False,False,True,False,False,False
0,13490,Sales Order,60P5750904M003-02A,False,True,False,False,False,False,True,False,False,False,False,True,False,False,False,True,False,False,False,False,False,True,False,False,False
0,13490,Sales Order,60P5750831M003-01A,False,True,False,False,False,False,True,False,False,False,False,True,False,False,False,False,True,False,False,False,False,True,False,False,False
0,13490,Sales Order,60P5750832M003-02A,False,True,False,False,False,False,True,False,False,False,False,True,False,False,False,False,True,False,False,False,False,True,False,False,False
0,13490,Sales Order,60P5750885M003-01A,False,True,False,False,False,False,True,False,False,False,False,True,False,False,False,False,True,False,False,False,False,True,False,False,False
0,13490,Sales Order,60P5750886M003-02A,False,True,False,False,False,False,True,False,False,False,False,True,False,False,False,True,False,False,False,False,False,True,False,False,False
0,13490,Sales Order,60P5750887M003-01A,False,True,False,False,False,False,True,False,False,False,False,True,False,False,False,False,True,False,False,False,False,True,False,False,False
0,13490,Sales Order,60P5750888M003-02A,False,True,False,False,False,False,True,False,False,False,False,True,False,False,False,True,False,False,False,False,False,True,False,False,False
0,13490,Sales Order,60P5750889M004-01A,False,True,False,False,False,False,True,False,False,False,False,True,False,False,False,True,False,False,False,False,False,True,False,False,False
0,13490,Sales Order,60P5750890M005-02A,False,True,False,False,False,False,True,False,False,False,False,True,False,False,False,False,True,False,False,False,False,True,False,False,False
0,13491,Sales Order,1TD1150D07023-2007,False,False,True,False,False,False,False,True,False,False,False,False,True,False,False,False,False,True,False,False,False,True,False,False,False
0,13492,Sales Order,1TD1135D57303-2005-801,False,False,True,False,False,False,False,True,False,False,False,False,True,False,False,False,False,True,False,False,False,True,False,False,False
0,13492,Sales Order,1TD1135D57303-2006-801,False,False,True,False,False,False,False,True,False,False,False,False,True,False,False,False,False,True,False,False,False,True,False,False,False
0,13494,Sales Order,70305-02107-103,False,True,False,False,False,False,True,False,False,False,False,True,False,False,False,False,True,False,False,False,False,True,False,False,False
0,13495,Sales Order,16K0685-1,False,True,False,False,False,False,True,False,False,False,False,True,False,False,False,False,True,False,False,False,False,True,False,False,False
0,13496,Sales Order,16L132-801,False,True,False,False,False,False,True,False,False,False,False,True,False,False,False,False,False,True,False,False,False,False,True,False,False
0,13497,Sales Order,5HR92037-101,False,False,True,False,False,False,False,True,False,False,False,False,True,False,False,False,True,False,False,False,False,True,False,False,False
0,13498,Sales Order,65300-12133-041,False,True,False,False,False,False,True,False,False,False,False,True,False,False,False,False,True,False,False,False,False,False,True,False,False
0,13504,Sales Order,16P192-19,False,True,False,False,False,False,True,False,False,False,False,True,False,False,False,False,True,False,False,False,False,True,False,False,False
0,13505,Sales Order,1TD13G6A32216-1001,False,True,False,False,False,False,True,False,False,False,False,True,False,False,False,False,True,False,False,False,False,True,False,False,False
0,13506,Sales Order,1TD13G6D32216-1003,False,True,False,False,False,False,True,False,False,False,False,True,False,False,False,False,True,False,False,False,False,True,False,False,False
0,13506,Sales Order,1TD13G6D32216-1001,False,True,False,False,False,False,True,False,False,False,False,True,False,False,False,False,True,False,False,False,False,True,False,False,False
0,13506,Sales Order,1TD13G6D32216-2309,True,False,False,False,False,True,False,False,False,False,True,False,False,False,False,False,True,False,False,False,True,False,False,False,False
0,13507,Sales Order,1TD1135D37417-1003-701,False,True,False,False,False,False,True,False,False,False,False,True,False,False,False,False,True,False,False,False,False,True,False,False,False
0,13507,Sales Order,1TD1135D37417-1004-701,False,True,False,False,False,False,True,False,False,False,False,True,False,False,False,False,True,False,False,False,False,True,False,False,False
0,13509,Sales Order,70301-02116-042,False,True,False,False,False,False,True,False,False,False,False,True,False,False,False,False,True,False,False,False,False,True,False,False,False
0,13510,Sales Order,70305-02107-103,False,True,False,False,False,False,True,False,False,False,False,True,False,False,False,False,True,False,False,False,False,True,False,False,False
0,13511,Sales Order,17TD1131D17026-2001,False,False,True,False,False,False,False,True,False,False,False,False,True,False,False,False,True,False,False,False,False,True,False,False,False
0,13511,Sales Order,1TD1131D17026-2002,False,False,True,False,False,False,False,True,False,False,False,False,True,False,False,False,False,True,False,False,False,True,False,False,False
0,13512,Sales Order,1TD1135D77303-2001-801,False,False,True,False,False,False,False,True,False,False,False,False,True,False,False,False,True,False,False,False,False,True,False,False,False
0,13512,Sales Order,1TD1135D77303-2002-801,False,False,True,False,False,False,False,True,False,False,False,False,True,False,False,False,True,False,False,False,False,True,False,False,False
0,13512,Sales Order,1TD1135D77303-2003-801,False,False,True,False,False,False,False,True,False,False,False,False,True,False,False,False,True,False,False,False,False,True,False,False,False
0,13512,Sales Order,1TD1135D77303-2004-801,True,False,False,False,False,True,False,False,False,False,True,False,False,False,False,False,False,False,False,False,False,True,False,False,False
0,13513,Sales Order,1TD13G1A21201-9502,False,False,True,False,False,False,False,True,False,False,False,False,True,False,False,False,True,False,False,False,False,True,False,False,False
0,13513,Sales Order,1TD13G1A21202-9502,False,False,True,False,False,False,False,True,False,False,False,False,True,False,False,False,True,False,False,False,False,True,False,False,False
0,13513,Sales Order,1TD13G1A21203-9502,False,False,True,False,False,False,False,True,False,False,False,False,True,False,False,False,True,False,False,False,False,True,False,False,False
0,13513,Sales Order,1TD13G1A21209-9508,False,True,False,False,False,False,True,False,False,False,False,False,True,False,False,False,True,False,False,False,False,True,False,False,False
0,13513,Sales Order,1TD13G1A21209-9510,False,True,False,False,False,False,True,False,False,False,False,False,True,False,False,False,True,False,False,False,False,True,False,False,False
0,13513,Sales Order,1TD13G1A21209-9512,False,True,False,False,False,False,True,False,False,False,False,False,True,False,False,False,True,False,False,False,False,True,False,False,False
0,13514,Sales Order,1TD1135D17306-2001,False,True,False,False,False,False,True,False,False,False,False,True,False,False,False,False,True,False,False,False,False,True,False,False,False
0,13514,Sales Order,1TD1135D17306-2003,False,True,False,False,False,False,True,False,False,False,False,True,False,False,False,False,True,False,False,False,False,True,False,False,False
0,13515,Sales Order,70302-02139-041,False,True,False,False,False,False,True,False,False,False,False,True,False,False,False,False,True,False,False,False,False,True,False,False,False
0,13516,Sales Order,1TD1135D57605-2005-801,False,False,True,False,False,False,False,True,False,False,False,False,True,False,False,False,True,False,False,False,False,False,True,False,False
0,13516,Sales Order,1TD1135D57605-2006-801,False,False,False,False,False,False,False,True,False,False,False,False,False,False,False,False,True,False,False,False,False,False,True,False,False
0,13516,Sales Order,1TD1135D57605-2007-801,False,False,True,False,False,False,False,True,False,False,False,False,True,False,False,False,True,False,False,False,False,False,True,False,False
0,13516,Sales Order,1TD1135D57605-2008-801,False,False,True,False,False,False,False,True,False,False,False,False,True,False,False,False,True,False,False,False,False,False,True,False,False
0,13516,Sales Order,1TD1135D57605-2009-801,False,False,True,False,False,False,False,True,False,False,False,False,True,False,False,False,True,False,False,False,False,False,True,False,False
0,13516,Sales Order,1TD1135D57605-2010-801,False,False,True,False,False,False,False,True,False,False,False,False,True,False,False,False,True,False,False,False,False,False,True,False,False
0,13516,Sales Order,1TD1135D57605-2011-801,False,False,True,False,False,False,False,True,False,False,False,False,True,False,False,False,True,False,False,False,False,False,True,False,False
0,13516,Sales Order,1TD1135D57605-2012-801,False,False,True,False,False,False,False,True,False,False,False,False,True,False,False,False,True,False,False,False,False,False,True,False,False
0,13571,Sales Order,1TD1135D77208-1003,False,False,True,False,False,False,False,True,False,False,False,False,True,False,False,False,True,False,False,False,False,False,True,False,False
0,13517,Sales Order,1TD1135D77208-1004,False,False,True,False,False,False,False,True,False,False,False,False,True,False,False,False,True,False,False,False,False,True,False,False,False
0,13517,Sales Order,1TD1135D77208-1003-702,False,False,True,False,False,False,False,True,False,False,False,False,True,False,False,False,True,False,False,False,False,True,False,False,False
0,13517,Sales Order,1TD1135D77208-1004-702,False,False,True,False,False,False,False,True,False,False,False,False,True,False,False,False,True,False,False,False,False,True,False,False,False
0,13518,Sales Order,70301-10008-044,False,True,False,False,False,False,True,False,False,False,False,True,False,False,False,False,True,False,False,False,False,True,False,False,False
0,13519,Sales Order,17D1135D77215-1001,False,False,True,False,False,False,False,True,False,False,False,False,True,False,False,False,True,False,False,False,False,True,False,False,False
0,13519,Sales Order,1TD1135D77215-1002,False,False,True,False,False,False,False,True,False,False,False,False,True,False,False,False,True,False,False,False,False,True,False,False,False
0,13519,Sales Order,1TD1135D77215-1003-702,False,False,True,False,False,False,False,True,False,False,False,False,True,False,False,False,True,False,False,False,False,True,False,False,False
0,13519,Sales Order,1TD1135D77215-1004-702,False,False,True,False,False,False,False,True,False,False,False,False,True,False,False,False,True,False,False,False,False,True,False,False,False
0,13520,Sales Order,1TD1131D37021-2003,True,False,False,False,False,True,False,False,False,False,True,False,False,False,False,False,True,False,False,False,False,False,False,False,False
0,13520,Sales Order,1TD1131D37021-2004,False,False,True,False,False,False,False,True,False,False,False,False,True,False,False,False,True,False,False,False,False,True,False,False,False
0,13521,Sales Order,1TD1133D07035-2003,False,True,False,False,False,False,True,False,False,False,False,True,False,False,False,False,True,False,False,False,False,True,False,False,False
0,13522,Sales Order,1TD1131D17012-2003,False,True,False,False,False,False,True,False,False,False,False,True,False,False,False,False,True,False,False,False,False,True,False,False,False
0,13523,Sales Order,366605-11,False,True,False,False,False,False,True,False,False,False,False,True,False,False,False,False,True,False,False,False,True,False,False,False,False
0,13524,Sales Order,366605-11,False,False,False,False,False,False,True,False,False,False,False,True,False,False,False,False,True,False,False,False,True,False,False,False,False
0,13525,Sales Order,366605-11,False,True,False,False,False,False,True,False,False,False,False,True,False,False,False,False,True,False,False,False,True,False,False,False,False
0,13526,Sales Order,1TD1135D37201-2007-801,False,False,True,False,False,False,False,True,False,False,False,False,True,False,False,False,True,False,False,False,False,True,False,False,False
0,13526,Sales Order,1TD1135D37201-2008-801,False,False,True,False,False,False,False,True,False,False,False,False,True,False,False,False,True,False,False,False,False,True,False,False,False
0,13527,Sales Order,1TD1135D37201-2007-801,False,False,True,False,False,False,False,True,False,False,False,False,True,False,False,False,True,False,False,False,False,True,False,False,False
0,13527,Sales Order,1TD1135D37201-2008-801,False,False,True,False,False,False,False,True,False,False,False,False,True,False,False,False,True,False,False,False,False,True,False,False,False
0,13528,Sales Order,2CEH20207-0001,False,True,False,False,False,False,True,False,False,False,False,False,True,False,False,False,True,False,False,False,False,True,False,False,False
0,13529,Sales Order,366605-11,False,True,False,False,False,False,True,False,False,False,False,True,False,False,False,False,True,False,False,False,True,False,False,False,False
0,13530,Sales Order,366605-11,False,True,False,False,False,False,True,False,False,False,False,True,False,False,False,False,True,False,False,False,True,False,False,False,False
0,13533,Sales Order,1TD1135D37203-2001-801,False,False,True,False,False,False,False,True,False,False,False,False,True,False,False,False,True,False,False,False,False,True,False,False,False
0,13533,Sales Order,1TD1135D37203-2002-801,False,False,True,False,False,False,False,True,False,False,False,False,True,False,False,False,True,False,False,False,False,True,False,False,False
0,13533,Sales Order,1TD1135D37203-2003-801,False,False,True,False,False,False,False,True,False,False,False,False,True,False,False,False,True,False,False,False,False,True,False,False,False
0,13533,Sales Order,1TD1135D37203-2004-801,False,False,True,False,False,False,False,True,False,False,False,False,True,False,False,False,True,False,False,False,False,True,False,False,False
0,13534,Sales Order,1TD1131D17026-2003,True,False,False,False,False,False,False,False,False,False,False,True,False,False,False,False,True,False,False,False,True,False,False,False,False
0,13534,Sales Order,1TD1131D17026-2004,True,False,False,False,False,True,False,False,False,False,True,False,False,False,False,False,True,False,False,False,True,False,False,False,False
0,13535,Sales Order,1TD1150D07039-2005,False,True,False,False,False,False,True,False,False,False,False,True,False,False,False,False,True,False,False,False,False,True,False,False,False
0,13535,Sales Order,1TD1150D07039-2006,False,True,False,False,False,False,True,False,False,False,False,True,False,False,False,False,True,False,False,False,False,True,False,False,False
0,13535,Sales Order,1TD1150D07039-2007,False,True,False,False,False,False,False,False,False,False,False,True,False,False,False,False,True,False,False,False,False,True,False,False,False
0,13535,Sales Order,1TD1150D07039-2008,False,True,False,False,False,False,True,False,False,False,False,True,False,False,False,False,True,False,False,False,False,True,False,False,False
0,13536,Sales Order,16B5122-157,False,True,False,False,False,False,True,False,False,False,False,True,False,False,False,False,True,False,False,False,False,True,False,False,False
0,13537,Sales Order,366605-11,False,True,False,False,False,False,True,False,False,False,False,True,False,False,False,False,True,False,False,False,True,False,False,False,False
0,13538,Sales Order,60P2815801M003-01A,False,True,False,False,False,False,True,False,False,False,False,False,False,False,False,False,True,False,False,False,False,True,False,False,False
0,13539,Sales Order,60P2815802M003-02A,False,True,False,False,False,False,True,False,False,False,False,True,False,False,False,False,True,False,False,False,False,True,False,False,False
0,13540,Sales Order,UHK23288-1,False,True,False,False,False,False,True,False,False,False,False,True,False,False,False,False,False,True,False,False,False,True,False,False,False
0,13540,Sales Order,UHK23289-1,False,False,True,False,False,False,False,True,False,False,False,False,True,False,False,False,True,False,False,False,False,True,False,False,False
0,13540,Sales Order,UHK23629-1,False,False,True,False,False,False,False,True,False,False,False,False,True,False,False,False,True,False,False,False,False,True,False,False,False
0,13540,Sales Order,UHK23629-2,False,False,True,False,False,False,False,True,False,False,False,False,True,False,False,False,True,False,False,False,False,True,False,False,False
0,13540,Sales Order,UHK23638-1,False,True,False,False,False,False,True,False,False,False,False,True,False,False,False,False,True,False,False,False,False,True,False,False,False
0,13540,Sales Order,UHK23638-2,False,True,False,False,False,False,True,False,False,False,False,True,False,False,False,False,True,False,False,False,False,True,False,False,False
0,13541,Sales Order,60P5750903M003-01A,False,True,False,False,False,False,True,False,False,False,False,True,False,False,False,False,True,False,False,False,False,True,False,False,False
0,13549,Sales Order,70301-10008-044,False,True,False,False,False,False,True,False,False,False,False,True,False,False,False,False,True,False,False,False,False,True,False,False,False
0,13551,Sales Order,A2231A5471-303,False,True,False,False,False,False,True,False,False,False,False,True,False,False,False,False,True,False,False,False,False,True,False,False,False
0,13552,Sales Order,65261-08013-041,False,True,False,False,False,False,True,False,False,False,False,True,False,False,False,False,True,False,False,False,False,True,False,False,False
0,13553,Sales Order,69-77163-1,False,False,True,False,False,False,False,True,False,False,False,False,True,False,False,False,True,False,False,False,True,False,False,False,False
0,13554,Sales Order,60P5755825M002-01A,False,True,False,False,False,False,True,False,False,False,False,True,False,False,False,False,True,False,False,False,False,True,False,False,False
0,13555,Sales Order,60P5755821M002-01A,False,True,False,False,False,False,True,False,False,False,False,True,False,False,False,False,True,False,False,False,False,True,False,False,False
0,13556,Sales Order,60P5755823M002-01A,False,True,False,False,False,False,True,False,False,False,False,True,False,False,False,False,True,False,False,False,False,True,False,False,False
0,13557,Sales Order,60P5755826M002-02A,False,True,False,False,False,False,True,False,False,False,False,True,False,False,False,False,True,False,False,False,False,True,False,False,False
0,13558,Sales Order,60P5755824M002-02A,False,True,False,False,False,False,True,False,False,False,False,True,False,False,False,False,True,False,False,False,False,True,False,False,False
0,13559,Sales Order,60P5755822M002-02A,False,True,False,False,False,False,True,False,False,False,False,True,False,False,False,False,True,False,False,False,False,True,False,False,False
0,13561,Sales Order,842-349640-1,True,False,False,False,False,True,False,False,False,False,False,True,False,False,False,False,True,False,False,False,True,False,False,False,False
0,13562,Sales Order,842-349640-1,False,True,False,False,False,False,True,False,False,False,False,True,False,False,False,False,True,False,False,False,True,False,False,False,False
0,13563,Sales Order,1TD1363A20704-1005,False,True,False,False,False,False,True,False,False,False,False,True,False,False,False,False,True,False,False,False,False,True,False,False,False
0,13563,Sales Order,1TD1363A20704-1006,False,True,False,False,False,False,True,False,False,False,False,True,False,False,False,False,True,False,False,False,False,True,False,False,False
0,13564,Sales Order,2CEH20207-0001,False,True,False,False,False,False,True,False,False,False,False,True,False,False,False,False,True,False,False,False,False,False,False,False,False
0,13565,Sales Order,141A6164-1,False,True,False,False,False,False,True,False,False,False,False,True,False,False,False,False,True,False,False,False,False,False,False,False,False
0,13566,Sales Order,141A8363-4,False,True,False,False,False,False,True,False,False,False,False,True,False,False,False,False,True,False,False,False,False,True,False,False,False
0,13567,Sales Order,141A8908-2,False,True,False,False,False,False,True,False,False,False,False,True,False,False,False,False,True,False,False,False,True,False,False,False,False
0,13568,Sales Order,141A8908-3,False,True,False,False,False,False,True,False,False,False,False,True,False,False,False,False,True,False,False,False,True,False,False,False,False
0,13569,Sales Order,141A8908-4,False,True,False,False,False,False,True,False,False,False,False,True,False,False,False,False,True,False,False,False,True,False,False,False,False
0,13570,Sales Order,141A8908-7,False,True,False,False,False,False,True,False,False,False,False,True,False,False,False,False,True,False,False,False,True,False,False,False,False
0,13571,Sales Order,141A8908-8,False,True,False,False,False,False,True,False,False,False,False,True,False,False,False,False,True,False,False,False,True,False,False,False,False
0,13572,Sales Order,141A8908-9,False,True,False,False,False,False,True,False,False,False,False,True,False,False,False,False,True,False,False,False,True,False,False,False,False
0,13573,Sales Order,141T1824-21,False,True,False,False,False,False,False,False,False,False,False,True,False,False,False,False,True,False,False,False,False,True,False,False,False
0,13574,Sales Order,141T1824-22,False,True,False,False,False,False,True,False,False,False,False,True,False,False,False,False,True,False,False,False,True,False,False,False,False
0,13575,Sales Order,141T1824-917,False,True,False,False,False,False,True,False,False,False,False,True,False,False,False,False,True,False,False,False,True,False,False,False,False
0,13576,Sales Order,141T1824-918,False,True,False,False,False,False,True,False,False,False,False,True,False,False,False,False,True,False,False,False,True,False,False,False,False
0,13577,Sales Order,141T4934-2,False,True,False,False,False,False,True,False,False,False,False,True,False,False,False,False,True,False,False,False,False,True,False,False,False
0,13578,Sales Order,141T4949-1,False,False,True,False,False,False,False,True,False,False,False,True,False,False,False,False,True,False,False,False,True,False,False,False,False
0,13579,Sales Order,141T4949-2,False,True,False,False,False,False,True,False,False,False,False,True,False,False,False,False,True,False,False,False,True,False,False,False,False
0,13580,Sales Order,141T7835-5,False,True,False,False,False,False,True,False,False,False,False,True,False,False,False,False,True,False,False,False,True,False,False,False,False
0,13581,Sales Order,141W7242-4,False,True,False,False,False,False,True,False,False,False,False,True,False,False,False,False,True,False,False,False,True,False,False,False,False
0,13582,Sales Order,143A7733-9,False,True,False,False,False,False,True,False,False,False,False,True,False,False,False,False,True,False,False,False,True,False,False,False,False
0,13583,Sales Order,143A7916-15,False,True,False,False,False,False,True,False,False,False,False,True,False,False,False,False,True,False,False,False,True,False,False,False,False
0,13584,Sales Order,143A7981-68,False,True,False,False,False,False,True,False,False,False,False,True,False,False,False,False,True,False,False,False,True,False,False,False,False
0,13586,Sales Order,143A7991-17,False,True,False,False,False,False,True,False,False,False,False,True,False,False,False,False,True,False,False,False,False,True,False,False,False
0,13587,Sales Order,143A7991-18,False,True,False,False,False,False,True,False,False,False,False,True,False,False,False,False,True,False,False,False,False,True,False,False,False
0,13588,Sales Order,143A7991-47,False,True,False,False,False,False,True,False,False,False,False,True,False,False,False,False,True,False,False,False,False,True,False,False,False
0,13589,Sales Order,144A8821-5,False,True,False,False,False,False,True,False,False,False,False,True,False,False,False,False,True,False,False,False,False,True,False,False,False
0,13590,Sales Order,146A3401-16,False,True,False,False,False,False,True,False,False,False,False,True,False,False,False,False,True,False,False,False,False,True,False,False,False
0,13591,Sales Order,146A3401-17,False,True,False,False,False,False,True,False,False,False,False,True,False,False,False,False,True,False,False,False,False,True,False,False,False
0,13592,Sales Order,146A6907-1,False,True,False,False,False,False,True,False,False,False,False,True,False,False,False,False,True,False,False,False,False,True,False,False,False
0,13593,Sales Order,146A6908-1,False,True,False,False,False,False,True,False,False,False,False,True,False,False,False,False,True,False,False,False,False,True,False,False,False
0,13594,Sales Order,146A7216-151,False,True,False,False,False,False,True,False,False,False,False,True,False,False,False,False,True,False,False,False,False,True,False,False,False
0,13595,Sales Order,146A7216-23,False,True,False,False,False,False,True,False,False,False,False,True,False,False,False,False,True,False,False,False,False,True,False,False,False
0,13596,Sales Order,146A7216-25,False,True,False,False,False,False,True,False,False,False,False,True,False,False,False,False,True,False,False,False,False,False,True,False,False
0,13597,Sales Order,146A7928-9,False,True,False,False,False,False,True,False,False,False,False,True,False,False,False,False,True,False,False,False,False,True,False,False,False
0,13598,Sales Order,147A8127-99759,False,True,False,False,False,False,True,False,False,False,False,True,False,False,False,False,True,False,False,False,False,True,False,False,False
0,13599,Sales Order,147A8127-99779,False,True,False,False,False,False,True,False,False,False,False,True,False,False,False,False,True,False,False,False,False,True,False,False,False
0,13600,Sales Order,147A9100-11,True,False,False,False,False,True,False,False,False,False,False,True,False,False,False,False,True,False,False,False,True,False,False,False,False
0,13601,Sales Order,147A9100-13,True,False,False,False,False,True,False,False,False,False,False,True,False,False,False,False,True,False,False,False,True,False,False,False,False
0,13602,Sales Order,147A9100-15,True,False,False,False,False,True,False,False,False,False,False,True,False,False,False,False,True,False,False,False,True,False,False,False,False
0,13603,Sales Order,147A9100-157,True,False,False,False,False,True,False,False,False,False,False,True,False,False,False,False,True,False,False,False,True,False,False,False,False
0,13604,Sales Order,147A9100-17,True,False,False,False,False,True,False,False,False,False,False,True,False,False,False,False,True,False,False,False,True,False,False,False,False
0,13605,Sales Order,147A9100-19,True,False,False,False,False,True,False,False,False,False,False,True,False,False,False,False,True,False,False,False,True,False,False,False,False
0,13606,Sales Order,147A9100-21,True,False,False,False,False,True,False,False,False,False,False,True,False,False,False,False,True,False,False,False,True,False,False,False,False
0,13607,Sales Order,147A9100-22,True,False,False,False,False,True,False,False,False,False,False,True,False,False,False,False,True,False,False,False,True,False,False,False,False
0,13608,Sales Order,147A9100-29,True,False,False,False,False,True,False,False,False,False,False,True,False,False,False,False,True,False,False,False,True,False,False,False,False
0,13609,Sales Order,147A9100-3,True,False,False,False,False,True,False,False,False,False,False,True,False,False,False,False,True,False,False,False,True,False,False,False,False
0,13610,Sales Order,147A9100-30,True,False,False,False,False,True,False,False,False,False,False,True,False,False,False,False,True,False,False,False,True,False,False,False,False
0,13611,Sales Order,147A9100-7,True,False,False,False,False,True,False,False,False,False,False,True,False,False,False,False,True,False,False,False,True,False,False,False,False
0,13612,Sales Order,147A9100-73,True,False,False,False,False,True,False,False,False,False,False,True,False,False,False,False,True,False,False,False,True,False,False,False,False
0,13613,Sales Order,147A9100-75,True,False,False,False,False,True,False,False,False,False,False,True,False,False,False,False,True,False,False,False,True,False,False,False,False
0,13614,Sales Order,147A9100-76,True,False,False,False,False,True,False,False,False,False,False,True,False,False,False,False,True,False,False,False,True,False,False,False,False
0,13615,Sales Order,147A9100-87,True,False,False,False,False,True,False,False,False,False,False,True,False,False,False,False,True,False,False,False,True,False,False,False,False
0,13616,Sales Order,147A9100-88,True,False,False,False,False,True,False,False,False,False,False,True,False,False,False,False,True,False,False,False,True,False,False,False,False
0,13617,Sales Order,147A9100-9,True,False,False,False,False,True,False,False,False,False,False,True,False,False,False,False,True,False,False,False,True,False,False,False,False
0,13618,Sales Order,148A1639-9,False,True,False,False,False,False,True,False,False,False,False,True,False,False,False,False,True,False,False,False,True,False,False,False,False
0,13619,Sales Order,149A7566-102,True,False,False,False,False,True,False,False,False,False,False,True,False,False,False,False,True,False,False,False,True,False,False,False,False
0,13620,Sales Order,149A8005-13,True,False,False,False,False,True,False,False,False,False,False,True,False,False,False,False,True,False,False,False,True,False,False,False,False
0,13621,Sales Order,149A8005-14,True,False,False,False,False,True,False,False,False,False,False,True,False,False,False,False,True,False,False,False,True,False,False,False,False
0,13622,Sales Order,181A3401-5,False,True,False,False,False,False,True,False,False,False,False,True,False,False,False,False,True,False,False,False,True,False,False,False,False
0,13623,Sales Order,181A3401-6,False,True,False,False,False,False,True,False,False,False,False,True,False,False,False,False,True,False,False,False,True,False,False,False,False
0,13624,Sales Order,181A3401-7,False,True,False,False,False,False,True,False,False,False,False,True,False,False,False,False,True,False,False,False,True,False,False,False,False
0,13625,Sales Order,181A3401-8,False,True,False,False,False,False,True,False,False,False,False,True,False,False,False,False,True,False,False,False,True,False,False,False,False
0,13626,Sales Order,181A3402-5,False,True,False,False,False,False,True,False,False,False,False,True,False,False,False,False,True,False,False,False,True,False,False,False,False
0,13627,Sales Order,181A3402-6,False,True,False,False,False,False,True,False,False,False,False,True,False,False,False,False,True,False,False,False,True,False,False,False,False
0,13628,Sales Order,181A3402-7,False,True,False,False,False,False,True,False,False,False,False,True,False,False,False,False,True,False,False,False,True,False,False,False,False
0,13629,Sales Order,181A3402-8,False,True,False,False,False,False,True,False,False,False,False,True,False,False,False,False,True,False,False,False,True,False,False,False,False
0,13630,Sales Order,181A3403-5,False,True,False,False,False,False,True,False,False,False,False,True,False,False,False,False,True,False,False,False,True,False,False,False,False
0,13631,Sales Order,181A3403-6,False,True,False,False,False,False,True,False,False,False,False,True,False,False,False,False,True,False,False,False,True,False,False,False,False
0,13632,Sales Order,181A3403-7,False,True,False,False,False,False,True,False,False,False,False,True,False,False,False,False,True,False,False,False,True,False,False,False,False
0,13633,Sales Order,181A3403-8,False,True,False,False,False,False,True,False,False,False,False,True,False,False,False,False,True,False,False,False,True,False,False,False,False
0,13634,Sales Order,31172154-2,False,True,False,False,False,False,True,False,False,False,False,True,False,False,False,False,True,False,False,False,True,False,False,False,False
0,13635,Sales Order,31172311-4,True,False,False,False,False,True,False,False,False,False,False,True,False,False,False,False,True,False,False,False,True,False,False,False,False
0,13636,Sales Order,311W1452-13,False,True,False,False,False,False,True,False,False,False,False,True,False,False,False,False,True,False,False,False,True,False,False,False,False
0,13637,Sales Order,311W1452-14,False,True,False,False,False,False,True,False,False,False,False,True,False,False,False,False,True,False,False,False,True,False,False,False,False
0,13638,Sales Order,312A6151-18,True,False,False,False,False,True,False,False,False,False,False,True,False,False,False,False,True,False,False,False,True,False,False,False,False
0,13639,Sales Order,312A6151-19,False,True,False,False,False,False,True,False,False,False,False,True,False,False,False,False,True,False,False,False,True,False,False,False,False
0,13640,Sales Order,313W1252-13,False,True,False,False,False,False,True,False,False,False,False,True,False,False,False,False,True,False,False,False,True,False,False,False,False
0,13641,Sales Order,313W1252-18,False,True,False,False,False,False,True,False,False,False,False,True,False,False,False,False,True,False,False,False,True,False,False,False,False
0,13642,Sales Order,314W2141-11,False,True,False,False,False,False,True,False,False,False,False,True,False,False,False,False,True,False,False,False,True,False,False,False,False
0,13643,Sales Order,314W2141-12,False,True,False,False,False,False,True,False,False,False,False,True,False,False,False,False,True,False,False,False,True,False,False,False,False
0,13644,Sales Order,315A2108-3,True,False,False,False,False,True,False,False,False,False,False,True,False,False,False,False,True,False,False,False,True,False,False,False,False
0,13645,Sales Order,315W1197-79,False,True,False,False,False,False,True,False,False,False,False,True,False,False,False,False,True,False,False,False,True,False,False,False,False
0,13646,Sales Order,315W1197-83,False,True,False,False,False,False,True,False,False,False,False,True,False,False,False,False,True,False,False,False,True,False,False,False,False
0,13647,Sales Order,315W1365-9,False,True,False,False,False,False,True,False,False,False,False,True,False,False,False,False,True,False,False,False,True,False,False,False,False
0,13648,Sales Order,421W4514-17,True,False,False,False,False,True,False,False,False,False,False,True,False,False,False,False,True,False,False,False,True,False,False,False,False
0,13649,Sales Order,421W4514-19,True,False,False,False,False,True,False,False,False,False,False,True,False,False,False,False,True,False,False,False,True,False,False,False,False
0,13650,Sales Order,65-67747-5,False,True,False,False,False,False,True,False,False,False,False,True,False,False,False,False,True,False,False,False,True,False,False,False,False
0,13651,Sales Order,65C33120-2,False,True,False,False,False,False,True,False,False,False,False,True,False,False,False,False,True,False,False,False,True,False,False,False,False
0,13652,Sales Order,66-19355-1,True,False,False,False,False,True,False,False,False,False,False,True,False,False,False,False,True,False,False,False,True,False,False,False,False
0,13653,Sales Order,9-64304-3,True,False,False,False,False,False,True,False,False,False,False,True,False,False,False,False,True,False,False,False,True,False,False,False,False
0,13654,Sales Order,9-64334-5,False,True,False,False,False,False,True,False,False,False,False,True,False,False,False,False,True,False,False,False,True,False,False,False,False
0,13655,Sales Order,9-64334-6,False,True,False,False,False,False,True,False,False,False,False,True,False,False,False,False,True,False,False,False,True,False,False,False,False
0,13656,Sales Order,2WSH73451-0002,False,False,True,False,False,False,False,True,False,False,False,False,True,False,False,False,False,True,False,False,False,False,True,False,False
0,13656,Sales Order,2WSH73452-0002,False,False,True,False,False,False,False,False,False,False,False,False,True,False,False,False,False,True,False,False,False,False,True,False,False
0,13656,Sales Order,2WSH73453-0002,False,False,True,False,False,False,False,True,False,False,False,False,True,False,False,False,True,False,False,False,False,False,True,False,False
0,13656,Sales Order,2WSH73454-0002,False,False,True,False,False,False,False,True,False,False,False,False,True,False,False,False,True,False,False,False,False,False,True,False,False
0,13657,Sales Order,901-036-884-117,False,True,False,False,False,False,True,False,False,False,False,True,False,False,False,False,True,False,False,False,True,False,False,False,False
0,13658,Sales Order,17P2C1017-1,False,True,False,False,False,False,True,False,False,False,False,True,False,False,False,False,True,False,False,False,True,False,False,False,False
0,13659,Sales Order,1TD13G6D32403-2305,True,False,False,False,False,True,False,False,False,False,True,False,False,False,False,False,True,False,False,False,True,False,False,False,False
0,13659,Sales Order,1TD13G6D32403-2303,True,False,False,False,False,True,False,False,False,False,True,False,False,False,False,False,True,False,False,False,False,False,False,False,False
0,13660,Sales Order,70305-02107-103,False,True,False,False,False,False,True,False,False,False,False,True,False,False,False,False,True,False,False,False,True,False,False,False,False
0,13661,Sales Order,K0305NP004312-4005,False,False,True,False,False,False,False,True,False,False,False,False,True,False,False,False,False,True,False,False,True,False,False,False,False
0,13661,Sales Order,K0305NP004312-4009,False,False,True,False,False,False,False,True,False,False,False,False,False,False,False,False,False,True,False,False,True,False,False,False,False
