,Sect1Risk1,Sect1Risk2,Sect1Risk3,Sect1Risk4,Sect1Risk5,Sect2Risk1,Sect2Risk2,Sect2Risk3,Sect2Risk4,Sect2Risk5,Sect3Risk1,Sect3Risk2,Sect3Risk3,Sect3Risk4,Sect3Risk5,Sect4Risk1,Sect4Risk2,Sect4Risk3,Sect4Risk4,Sect4Risk5,Sect5Risk1,Sect5Risk2,Sect5Risk3,Sect5Risk4,Sect5Risk5,ContractReviewNumber,SalesOrderText,PartText
0,False,False,True,False,False,False,False,True,False,False,False,False,True,False,False,False,False,True,False,False,False,False,True,False,False,13344,Sales Order,1TD1135D17306-2001
0,False,False,True,False,False,False,False,True,False,False,False,False,True,False,False,False,False,True,False,False,False,False,True,False,False,13344,Sales Order,1TD1135D17306-2001
0,True,True,True,True,False,False,False,True,False,True,False,False,True,False,False,False,False,True,False,False,True,False,True,True,False,13344,Sales Order,1TD1135D17306-2003
0,False,False,False,False,False,False,False,False,False,False,False,False,False,False,False,False,False,False,False,False,False,False,False,False,False,ECmaile frank ve,esearch.com,
0,False,False,False,False,False,True,True,False,False,False,True,True,True,False,False,False,False,False,False,False,False,False,False,False,False,,,MSa VU AT (UCN EU IK Taols
0,False,False,False,False,False,False,False,False,False,False,False,False,False,False,False,False,False,False,False,False,False,False,False,False,False,A\mactArF rreanarnkh nnm\ Â£,> Antrobus (nicole.antro,iimant a-cinnad Ay Nicnla Antronhiie (nic
0,False,False,True,False,False,False,False,True,False,False,False,False,True,False,False,False,False,True,False,False,False,False,True,False,False,13344,Sales Order,1TD1135D17306-2001
0,True,True,True,True,False,False,False,True,False,True,False,False,True,False,False,False,False,True,False,False,True,False,True,True,False,13344,Sales Order,1TD1135D17306-2003
0,True,True,True,True,False,False,True,True,False,True,False,False,True,False,False,False,True,False,False,False,True,True,True,True,False,13346,Sales Order,1TD1130D07012-9503
0,False,False,True,False,False,False,False,True,False,False,False,False,False,False,False,False,False,True,False,False,False,True,False,False,False,13347,Sales Order,A090512D3011-2001
0,True,True,True,True,False,False,False,True,False,True,False,False,True,False,False,False,False,True,False,False,True,True,True,True,False,13347,Sales Order,A090512D3012-1001
0,False,False,True,False,False,False,False,True,False,False,False,False,True,False,False,False,False,True,False,False,False,True,False,False,False,13347,Sales Order,A090512D4014-1001
0,False,False,True,False,False,False,False,True,False,False,False,False,True,False,False,False,False,True,False,False,False,True,False,False,False,13347,Sales Order,A090512D5011-2001
0,False,False,True,False,False,False,False,True,False,False,False,False,True,False,False,False,False,True,False,False,False,True,False,False,False,13347,Sales Order,A090512D5011-2002
0,False,False,True,False,False,False,False,True,False,False,False,False,True,False,False,False,False,True,False,False,False,True,False,False,False,13347,Sales Order,A090512D5011-2003
0,False,False,True,False,False,False,False,True,False,False,False,False,True,False,False,False,False,True,False,False,False,True,False,False,False,13347,Sales Order,A090512D5011-2004
0,False,False,True,False,False,False,False,True,False,False,False,False,True,False,False,False,False,True,False,False,False,True,False,False,False,13347,Sales Order,A090512D4011-2001
0,False,False,True,False,False,False,False,True,False,False,False,False,True,False,False,False,False,True,False,False,False,True,False,False,False,13347,Sales Order,A090512D4011-2001
0,False,False,True,False,False,False,False,True,False,False,False,False,True,False,False,False,False,True,False,False,False,True,False,False,False,13347,Sales Order,A090512D4011-2005
0,False,False,True,False,False,False,False,True,False,False,False,False,True,False,False,False,False,True,False,False,False,True,False,False,False,13347,Sales Order,A090512D4011-2006
0,False,False,True,False,False,False,False,True,False,False,False,False,True,False,False,False,False,True,False,False,False,True,False,False,False,13347,Sales Order,A090512D4012-2001
0,False,False,True,False,False,False,False,True,False,False,False,False,True,False,False,False,False,True,False,False,False,True,False,False,False,13347,Sales Order,A090512D4012-2002
0,False,False,True,False,False,False,False,True,False,False,False,False,True,False,False,False,False,True,False,False,False,True,False,False,False,13347,Sales Order,A090512D4012-2003
0,False,False,True,False,False,False,False,True,True,False,False,False,True,False,False,False,False,True,False,False,False,True,False,False,False,13347,Sales Order,A090512D4012-2004
0,True,True,True,True,False,False,True,True,False,True,False,False,True,False,False,False,True,False,False,False,True,False,True,True,False,13349,Sales Order,1TD13G1A21202-9502
0,True,True,True,True,False,False,True,True,False,True,False,False,True,False,False,False,True,False,False,False,True,False,True,True,False,13350,Sales Order,1TD13G1A21203-9502
0,True,True,True,True,False,False,True,True,False,True,False,True,True,False,False,False,True,False,False,False,True,False,True,True,False,13352,Sales Order,366605-11
0,True,True,True,True,False,False,True,True,False,True,False,True,True,False,False,True,False,False,False,False,True,False,True,True,False,13353,Sales Order,366605-11
0,False,False,False,True,False,False,False,False,True,False,False,False,True,False,False,False,False,True,False,False,False,False,True,False,False,13355,Sales Order,1TD1135D57605-2005-801
0,True,True,True,True,False,False,False,True,True,True,False,False,True,False,False,False,False,True,False,False,True,False,True,True,False,13355,Sales Order,1TD1135D57605-2006-801
0,False,False,False,True,False,False,False,False,True,False,False,False,True,False,False,False,False,True,False,False,False,False,True,False,False,13355,Sales Order,1TD1135D57605-2007-801
0,False,False,False,True,False,False,False,False,True,False,False,False,True,False,False,False,False,True,False,False,False,False,True,False,False,13355,Sales Order,1TD1135D57605-2008-801
0,False,False,False,True,False,False,False,False,True,False,False,False,True,False,False,False,False,True,False,False,False,False,True,False,False,13355,Sales Order,1TD1135D57605-2009-801
0,False,False,False,True,False,False,False,False,True,False,False,False,True,False,False,False,False,True,False,False,False,False,True,False,False,13355,Sales Order,1TD1135D57605-2010-801
0,False,False,False,True,False,False,False,False,True,False,False,False,True,False,False,False,False,True,False,False,False,False,True,False,False,13355,Sales Order,1TD1135D57605-2011-801
0,False,False,False,True,False,False,False,False,True,False,False,False,True,False,False,False,False,True,False,False,False,False,True,False,False,13355,Sales Order,1TD1135D57605-2012-801
0,False,True,False,False,False,False,True,False,False,False,False,True,False,False,False,False,False,True,False,False,False,False,True,False,False,13104,Sales Order,1TD1135D19202-2007
0,True,True,True,True,False,False,False,True,False,True,False,False,True,False,False,False,False,True,False,False,True,False,True,True,False,13014,Sales Order,1TD1135D19202-2009
0,False,False,True,False,False,False,False,True,False,False,False,False,True,False,False,False,True,False,False,False,False,False,True,False,False,13104,Sales Order,1TD1135D19202-2011
0,False,False,True,False,False,False,False,True,False,False,False,False,True,False,False,False,True,False,False,False,False,True,False,False,False,13105,Sales Order,1TD1135D57301-2005-801
0,True,True,True,True,False,False,False,True,False,True,False,False,True,False,False,False,True,False,False,False,True,True,True,True,False,13105,Sales Order,1TD1135D57301-2006-801
0,False,False,False,False,False,False,False,True,False,False,False,False,True,False,False,False,True,False,False,False,False,True,False,False,False,13105,Sales Order,1TD1135D57301-2007-801
0,False,False,True,False,False,False,False,True,False,False,False,False,True,False,False,False,True,False,False,False,False,True,False,False,False,13105,Sales Order,1TD1135D57301-2008-801
0,False,False,True,False,False,False,False,True,False,False,False,False,True,False,False,False,False,True,False,False,False,False,True,False,False,13111,Sales Order,1TD1135D57303-2005-801
0,True,True,True,True,False,False,False,True,False,True,False,False,True,False,False,False,True,False,False,False,True,False,True,True,False,13111,Sales Order,1TD1135D57303-2006-801
0,False,False,True,False,False,False,False,True,False,False,False,False,True,False,False,False,True,False,False,False,False,False,True,False,False,13114,Sales Order,1TD1135D37419-1005-701
0,True,True,True,True,False,False,False,True,False,True,False,False,True,False,False,False,False,True,False,False,True,False,True,True,False,13114,Sales Order,1TD1135D37419-1007-701
0,False,False,True,False,False,False,False,True,False,False,False,False,True,False,False,False,True,False,False,False,False,True,False,False,False,13115,Sales Order,1TD1135D37420-1003-701
0,True,True,True,True,False,False,False,True,False,True,False,False,True,False,False,False,True,False,False,False,True,True,True,True,False,13115,Sales Order,1TD1135D37420-1004-701
0,False,True,False,False,False,False,True,False,False,False,False,True,False,False,False,False,False,True,False,False,False,True,False,False,False,13121,Sales Order,1TD1135D37313-2003-801
0,True,True,True,True,False,False,True,True,False,True,False,True,True,False,False,False,True,False,False,False,True,True,True,True,False,13121,Sales Order,1TD1135D37313-2004-801
0,True,True,True,True,False,False,True,True,False,True,False,True,True,False,False,False,True,False,False,False,True,False,True,True,False,13213,Sales Order,60P5750903M003-01A
0,True,True,True,True,False,False,False,True,False,True,False,False,True,False,False,False,True,False,False,False,True,True,True,True,False,13314,Sales Order,1TD1135D77215-1003-702
0,False,False,True,False,False,False,False,True,False,False,False,False,True,False,False,False,True,False,False,False,False,True,False,False,False,13314,Sales Order,1TD1135D77215-1004-702
0,True,True,True,True,False,True,False,True,False,True,False,True,True,False,False,False,True,False,False,False,True,False,True,True,False,13335,Sales Order,366605-11
0,True,True,True,True,False,False,False,True,False,True,False,True,True,False,False,False,True,False,False,False,True,False,True,True,False,13336,Sales Order,366605-11
0,True,True,True,True,False,False,True,True,False,True,False,True,True,False,False,False,True,False,False,False,True,False,True,True,False,13337,Sales Order,366707-3
0,True,True,True,True,False,False,True,True,False,True,False,True,True,False,False,False,True,False,False,False,True,False,True,True,False,13338,Sales Order,366605-11
0,True,False,False,False,False,True,False,False,False,False,False,True,False,False,False,False,True,False,False,False,False,True,False,False,False,13339,Sales Order,1TD1367A20524-2003
0,True,True,True,True,False,False,True,True,False,True,False,True,True,False,False,False,True,False,False,False,True,True,True,True,False,13339,Sales Order,1TD1367A20513-2005
0,False,True,False,False,False,False,True,False,False,False,False,True,False,False,False,False,True,False,False,False,False,False,True,False,False,13340,Sales Order,1TD1133D07049-2005
0,True,True,True,True,False,True,False,True,False,True,False,True,True,False,False,False,True,False,False,False,True,False,True,True,False,13340,Sales Order,1TD1133D07049-2009
0,True,True,True,True,False,False,True,True,False,True,False,True,True,False,False,False,True,False,False,False,True,True,True,True,False,13341,Sales Order,388174-11
0,True,True,True,True,False,False,True,True,False,True,False,True,True,False,False,False,False,True,False,False,True,False,True,True,False,13348,Sales Order,1TD13G1A21201-9502
0,False,True,False,False,False,False,True,False,False,False,False,False,False,False,False,False,True,False,False,False,True,False,False,False,False,13351,Sales Order,1TD13G1D11106-2327
0,True,True,True,True,False,False,True,True,False,True,False,True,True,False,False,False,True,False,False,False,True,False,True,True,False,13351,Sales Order,1TD13G1D11106-2329
0,True,True,True,True,False,True,False,True,False,True,True,False,True,False,False,True,False,False,False,False,True,False,True,True,False,13354,Sales Order,1TD1150D07030-2003
0,True,True,True,True,False,False,True,True,False,True,False,True,True,False,False,False,True,False,False,False,True,True,True,True,False,13356,Sales Order,60P5755822M002-02A
0,True,True,True,True,False,False,True,True,False,True,False,True,True,False,False,False,True,False,False,False,True,True,True,True,False,13357,Sales Order,60P5755821M002-01A
0,True,True,True,True,False,False,True,True,False,True,False,True,True,False,False,False,True,False,False,False,True,True,True,True,False,13358,Sales Order,60P2815802M003-02A
0,True,True,True,True,False,False,True,True,False,True,False,True,True,False,False,False,True,False,False,False,True,True,True,True,False,13359,Sales Order,60P5755825M002-01A
0,True,True,True,True,False,False,True,True,False,True,False,True,True,False,False,False,True,False,False,False,True,True,True,True,False,13360,Sales Order,60P2815801M003-01A
0,True,True,True,True,False,False,True,True,False,True,False,True,True,False,False,False,True,False,False,False,True,True,True,True,False,13361,Sales Order,60P5755826M002-02A
0,True,True,True,True,False,False,True,True,False,True,False,True,True,False,False,False,True,False,False,False,True,True,True,True,False,13362,Sales Order,60P5755823M002-01A
0,True,True,True,True,False,False,True,True,False,True,False,True,True,False,False,False,True,False,False,False,True,True,True,True,False,13363,Sales Order,60P5755824M002-02A
0,False,True,False,False,False,False,True,False,False,False,False,True,False,False,False,False,True,False,False,False,False,True,False,False,False,13364,Sales Order,1TD13G3A13111-1001
0,True,True,True,True,False,False,True,True,False,True,False,True,True,False,False,False,True,False,False,False,True,True,True,True,False,13364,Sales Order,1TD13G3A13111-1001
0,True,True,True,True,False,False,True,True,False,True,False,True,True,False,False,False,True,False,False,False,True,False,True,True,False,13365,Sales Order,1TD1363A20704-1006
0,True,True,True,True,False,False,True,True,False,True,False,True,True,False,False,False,True,False,False,False,True,True,True,True,False,13366,Sales Order,70301-02116-042
0,False,True,False,False,False,False,True,False,False,False,False,False,True,False,False,False,False,True,False,False,False,False,True,False,False,13367,Sales Order,2CBE30916-2001
0,True,True,True,True,False,False,True,True,False,True,False,False,True,False,False,False,False,True,False,False,True,False,True,True,False,13367,Sales Order,2CBE30881-2001
0,True,True,True,True,False,False,True,True,False,True,False,True,True,False,False,False,True,False,False,False,True,False,True,True,False,13368,Sales Order,366605-11
0,True,True,True,True,False,False,True,True,False,True,False,True,True,False,False,False,True,False,False,False,True,False,True,True,False,13369,Sales Order,366605-11
0,True,True,True,True,False,False,True,True,False,True,False,False,True,False,False,False,True,False,False,False,True,True,True,True,False,13370,Sales Order,70301-02116-042
0,False,True,False,False,False,False,True,False,False,False,False,True,False,False,False,False,True,False,False,False,False,False,True,False,False,13371,Sales Order,1TD13G2D22107-2301
0,True,True,True,True,False,False,True,True,False,True,False,True,True,False,False,False,True,False,False,False,True,True,True,True,False,13371,Sales Order,1TD13G2D22107-2303
0,False,True,False,False,False,False,True,False,False,False,False,True,False,False,False,False,True,False,False,False,False,True,False,False,False,13371,Sales Order,1TD13G2D22107-2302
0,False,True,False,False,False,False,True,False,False,False,False,True,False,False,False,False,True,False,False,False,False,True,False,False,False,13371,Sales Order,1TD13G2D22107-2307
0,True,True,True,True,False,False,False,True,False,True,False,False,True,False,False,False,False,True,False,False,True,True,True,True,False,13373,Sales Order,1TD13G3D13304-2301
0,False,False,True,False,False,False,False,True,False,False,False,False,True,False,False,False,True,False,False,False,False,False,True,False,False,13374,Sales Order,1TD1150D07023-2001
0,True,True,True,True,False,False,False,True,False,True,False,False,True,False,False,False,True,False,False,False,True,False,True,True,False,13374,Sales Order,1TD1150D07023-2003
0,False,False,True,False,False,False,False,True,False,False,False,False,True,False,False,False,False,False,False,False,False,False,True,False,False,13374,Sales Order,1TD1150D07023-2005
0,False,False,True,False,False,False,False,True,False,False,False,False,True,False,False,False,True,False,False,False,False,False,True,False,False,13374,Sales Order,1TD1150D07023-2007
0,False,True,False,False,False,False,True,False,False,False,False,True,False,False,False,False,True,False,False,False,False,False,True,False,False,13375,Sales Order,1TD1343D00217-1003
0,True,True,True,True,False,False,True,True,False,True,False,False,True,False,False,False,False,True,False,False,True,False,True,True,False,13375,Sales Order,1TD1343D00033-1007
0,False,True,False,False,False,False,True,False,False,False,False,False,True,False,False,False,False,True,False,False,False,False,True,False,False,13375,Sales Order,1TD1343D00033-1005
0,False,False,False,False,False,False,True,False,False,False,False,False,True,False,False,False,False,True,False,False,False,False,True,False,False,13375,Sales Order,1TD1343D00033-1003
0,False,True,False,False,False,False,True,False,False,False,False,False,True,False,False,False,False,True,False,False,False,False,True,False,False,13375,Sales Order,1TD1343D00033-1001
0,False,False,True,False,False,False,False,True,False,False,False,False,True,False,False,False,False,True,False,False,False,False,True,False,False,13375,Sales Order,1TD1343A00215-1001
0,False,True,False,False,False,False,True,False,False,False,False,False,True,False,False,False,False,True,False,False,False,False,True,False,False,13375,Sales Order,1TD1343A00214-1003
0,False,False,True,False,False,False,False,True,False,False,False,False,True,False,False,False,False,True,False,False,False,False,True,False,False,13375,Sales Order,1TD1343A00214-1001
0,True,True,True,True,False,False,True,True,False,True,False,True,True,False,False,False,True,False,False,False,True,False,True,True,False,13376,Sales Order,366605-11
0,True,True,True,True,False,False,True,True,False,True,False,True,True,False,False,False,True,False,False,False,True,False,True,True,False,13377,Sales Order,366605-11
0,True,True,True,True,False,False,True,True,False,True,False,True,True,False,False,False,True,False,False,False,True,False,True,True,False,13378,Sales Order,148A6354-154
0,True,True,True,True,False,False,True,True,False,True,False,True,True,False,False,False,True,False,False,False,True,False,True,True,False,13379,Sales Order,148A6354-153
0,True,True,True,True,False,False,False,True,False,True,False,False,True,False,False,False,True,False,False,False,True,False,True,True,False,13380,Sales Order,DA322A0395-401
0,True,True,True,True,False,False,False,True,False,True,False,False,True,False,False,False,True,False,False,False,True,True,True,True,False,13381,Sales Order,842-349640-1
0,True,True,True,True,False,False,True,True,False,True,False,False,True,False,False,False,True,False,False,False,True,True,True,True,False,13382,Sales Order,5-89525-6
0,True,True,True,True,False,False,True,True,False,True,False,True,True,False,False,False,True,False,False,False,True,False,True,True,False,13383,Sales Order,366605-11
0,True,True,True,True,False,False,True,True,False,True,False,True,True,False,False,False,True,False,False,False,True,True,True,True,False,13384,Sales Order,70301-02116-042
0,True,True,True,True,False,False,True,True,False,True,False,True,True,False,False,True,False,False,False,False,True,True,True,True,False,13386,Sales Order,1TD13G3D13814-2301
0,False,True,False,False,False,False,True,False,False,False,False,True,False,False,False,False,False,True,False,False,False,True,False,False,False,13387,Sales Order,1TD1150D07039-2005
0,True,True,True,True,False,False,True,True,False,True,False,True,True,False,False,False,False,True,False,False,True,True,True,True,False,13387,Sales Order,1TD1150D07039-2006
0,False,True,False,False,False,False,True,False,False,False,False,True,False,False,False,False,False,True,False,False,False,True,False,False,False,13387,Sales Order,1TD1150D07039-2007
0,False,True,False,False,False,False,True,False,False,False,False,True,False,False,False,False,False,True,False,False,False,True,False,False,False,13387,Sales Order,1TD1150D07039-2008
0,False,True,False,False,False,False,True,False,False,False,False,True,False,False,False,False,False,True,False,False,False,False,True,False,False,13387,Sales Order,1TD1150D07039-9505
0,False,False,False,False,False,False,True,False,False,False,False,True,False,False,False,False,False,True,False,False,False,True,False,False,False,13387,Sales Order,1TD1150D07039-9506
0,False,True,False,False,False,False,True,False,False,False,False,True,False,False,False,False,False,True,False,False,False,True,False,False,False,13387,Sales Order,1TD1150D07039-9507
0,False,True,False,False,False,False,True,False,False,False,False,True,False,False,False,False,False,True,False,False,False,True,False,False,False,13387,Sales Order,1TD1150D07039-9508
0,True,True,True,True,False,False,False,True,False,True,False,False,True,False,False,False,True,False,False,False,True,False,True,True,False,13388,Sales Order,842-349640-1
0,True,True,True,True,False,False,False,True,False,True,False,False,True,False,False,False,True,False,False,False,True,True,True,True,False,13389,Sales Order,A090511D0502-2011
0,True,True,True,True,False,False,True,True,False,True,False,True,True,False,False,False,False,True,False,False,True,False,True,True,False,13390,Sales Order,1TD1335A00209-2003
0,True,True,True,True,False,False,True,True,False,True,False,True,True,False,False,False,True,False,False,False,True,True,True,True,False,13391,Sales Order,70301-02116-042
0,True,True,True,True,False,False,True,True,False,True,False,True,True,False,False,False,True,False,False,False,True,False,True,True,False,13393,Sales Order,17P2C1017-1
0,True,True,True,True,False,False,False,True,False,True,False,False,True,False,False,False,True,False,False,False,True,False,True,True,False,13394,Sales Order,1TDS4211001
0,True,True,True,True,False,False,False,True,False,True,False,False,True,False,False,False,False,True,False,False,True,False,True,True,False,13395,Sales Order,74A428075-2006SP
0,True,True,True,True,False,False,True,True,False,True,False,False,True,False,False,False,False,True,False,False,True,False,True,True,False,13396,Sales Order,74A735631-5203
0,True,True,True,True,False,False,False,True,False,True,False,False,True,False,False,False,True,False,False,False,True,False,True,True,False,13397,Sales Order,113W2122-23
0,True,True,True,True,False,False,False,True,False,True,False,False,True,False,False,False,True,False,False,False,True,False,True,True,False,13398,Sales Order,113W2122-23
0,True,True,True,True,False,False,True,True,False,True,False,True,True,False,False,False,True,False,False,False,True,True,True,True,False,13399,Sales Order,60P5755822M002-02A
0,True,True,True,True,False,False,True,True,False,True,False,True,True,False,False,False,True,False,False,False,True,True,True,True,False,13400,Sales Order,60P5755824M002-02A
0,True,True,True,True,False,False,True,True,False,True,False,True,True,False,False,False,True,False,False,False,True,True,True,True,False,13401,Sales Order,60P2815801M003-01A
0,True,True,True,True,False,False,True,True,False,True,False,False,True,False,False,False,True,False,False,False,True,True,True,True,False,13403,Sales Order,60P2815802M003-02A
0,True,True,True,True,False,False,True,True,False,True,False,True,True,False,False,False,True,False,False,False,True,True,True,True,False,13406,Sales Order,60P5755821M002-01A
0,True,True,True,True,False,False,False,True,False,True,False,False,True,False,False,False,False,True,False,False,True,False,True,True,False,13407,Sales Order,2CBE40980-2001
0,True,True,True,True,False,False,True,True,False,True,False,True,True,False,False,False,True,False,False,False,True,False,True,True,False,13408,Sales Order,366605-11
0,True,True,True,True,False,False,True,True,False,True,False,True,True,False,False,False,True,False,False,False,True,True,True,True,False,13409,Sales Order,70302-02139-041 TAI
0,False,True,False,False,False,False,True,False,False,False,False,True,False,False,False,False,True,False,False,False,False,True,False,False,False,13410,Sales Order,1TD1367D20603-2001
0,True,True,True,True,False,False,True,True,False,True,False,True,True,False,False,False,False,False,False,False,True,True,True,True,False,13410,Sales Order,1TD13G3D13152-2307
0,True,True,True,True,False,False,True,True,False,True,False,True,True,False,False,False,True,False,False,False,True,True,True,True,False,13411,Sales Order,1TD1361D20536-2001
0,True,True,True,True,False,False,True,True,False,True,False,True,True,False,False,False,True,False,False,False,True,True,True,True,False,13412,Sales Order,1TD1361D20203-9001
0,False,True,False,False,False,False,True,False,False,False,False,True,False,False,False,False,True,False,False,False,False,True,False,False,False,13413,Sales Order,1TD13G4D24109-1003
0,True,True,True,True,False,False,True,True,False,True,False,True,True,False,False,False,True,False,False,False,True,True,True,True,False,13413,Sales Order,1TD13G4D24109-1004
0,False,False,True,False,False,False,False,True,False,False,False,True,False,False,False,False,True,False,False,False,False,True,False,False,False,13414,Sales Order,1TD13G4D24106-1003
0,True,True,True,True,False,False,False,True,False,True,False,True,True,False,False,False,True,False,False,False,True,True,True,True,False,13414,Sales Order,1TD13G4D24106-1004
0,True,True,True,True,False,False,True,True,False,True,False,True,True,False,False,False,True,False,False,False,True,False,True,True,False,13415,Sales Order,148A6354-153
0,True,True,True,True,False,False,True,True,False,True,False,False,True,False,False,False,True,False,False,False,True,False,True,True,False,13416,Sales Order,148A6354-154
0,True,True,True,True,False,False,True,True,False,True,False,True,True,False,False,False,True,False,False,False,True,False,True,True,False,13417,Sales Order,69B13435-1
0,False,True,False,False,False,False,True,False,False,False,False,True,False,False,False,False,True,False,False,False,False,False,True,False,False,13419,Sales Order,1TD13G9D00301-2311
0,True,True,True,True,False,False,True,True,False,True,False,True,True,False,False,False,False,True,False,False,True,False,True,True,False,13419,Sales Order,1TD13G9D00301-2313
0,False,True,False,False,False,False,True,False,False,False,False,True,False,False,False,False,False,True,False,False,False,False,True,False,False,13419,Sales Order,1TD13G9D00301-2315
0,True,True,True,True,False,False,False,True,False,True,False,False,True,False,False,False,False,True,False,False,True,False,True,True,False,13420,Sales Order,1TD13G1A11205-1001
0,True,True,True,True,False,False,True,True,False,True,False,False,True,False,False,False,False,True,False,False,True,False,True,True,False,13421,Sales Order,1TD13G1D11307-1003
0,True,True,True,True,False,False,False,True,True,True,False,False,True,False,False,False,False,True,False,False,True,True,True,True,False,13422,Sales Order,114U4212-31
0,True,True,True,True,False,False,False,True,False,True,False,False,True,False,False,False,True,False,False,False,True,False,True,True,False,13423,Sales Order,DA322A0002-501
0,False,True,False,False,False,False,True,False,False,False,False,True,False,False,False,False,True,False,False,False,False,True,False,False,False,13424,Sales Order,1TD1131D23026-2015
0,True,True,True,True,False,False,True,True,False,True,False,True,True,False,False,False,True,False,False,False,True,True,True,True,False,13424,Sales Order,1TD1131D23026-2017
0,False,True,False,False,False,False,True,False,False,False,False,True,False,False,False,False,True,False,False,False,False,True,False,False,False,13424,Sales Order,1TD1131D23026-2018
0,False,True,False,False,False,False,True,False,False,False,False,True,False,False,False,False,True,False,False,False,False,True,False,False,False,13424,Sales Order,1TD1131D23026-2019
0,False,True,False,False,False,False,True,False,False,False,False,True,False,False,False,False,True,False,False,False,False,True,False,False,False,13424,Sales Order,1TD1131D23026-2023
0,False,True,False,False,False,False,True,False,False,False,False,True,False,False,False,False,True,False,False,False,False,True,False,False,False,13424,Sales Order,1TD1131D23026-2025
0,False,False,True,False,False,False,False,True,False,False,False,False,False,False,False,False,False,True,False,False,False,True,False,False,False,13425,Sales Order,17TD1131D17026-2001
0,True,True,True,True,False,False,False,True,False,True,False,False,True,False,False,False,False,True,False,False,True,True,True,True,False,13425,Sales Order,1TD1131D17026-2002
0,False,True,False,False,False,False,True,False,False,False,False,True,False,False,False,False,True,False,False,False,False,True,False,False,False,13426,Sales Order,1TD1363A20704-1001
0,True,True,True,True,False,False,True,True,False,True,False,True,True,False,False,False,True,False,False,False,True,True,True,True,False,13426,Sales Order,1TD1363A20704-1009
0,False,True,False,False,False,False,True,False,False,False,False,True,False,False,False,False,True,False,False,False,False,True,False,False,False,13426,Sales Order,1TD1363A20704-1007
0,True,True,True,True,False,False,True,True,False,True,False,True,True,False,False,False,True,False,False,False,True,True,True,True,False,13426,Sales Order,1TD1363A20704-1008
0,True,True,True,True,False,False,True,True,False,True,False,True,True,False,False,False,True,False,False,False,True,False,True,True,False,13427,Sales Order,366605-11
0,False,True,False,False,False,False,True,False,False,False,False,True,False,False,False,False,True,False,False,False,False,True,False,False,False,13429,Sales Order,1TD13G1D11106-2313
0,True,True,True,True,False,True,False,True,False,True,True,False,True,False,False,False,True,False,False,False,True,True,True,True,False,13429,Sales Order,1TD13G1D11106-2314
0,True,False,False,False,False,True,False,False,False,False,True,False,False,False,False,False,True,False,False,False,False,True,False,False,False,13429,Sales Order,1TD13G1D11106-2315
0,True,False,False,False,False,True,False,False,False,False,True,False,False,False,False,False,True,False,False,False,False,True,False,False,False,13429,Sales Order,1TD13G1D11106-2316
0,True,False,False,False,False,True,False,False,False,False,True,False,False,False,False,False,True,False,False,False,False,True,False,False,False,13429,Sales Order,1TD13G1D11106-2317
0,True,False,False,False,False,True,False,False,False,False,True,False,False,False,False,False,True,False,False,False,False,True,False,False,False,13429,Sales Order,1TD13G1D11106-2318
0,False,True,False,False,False,False,True,False,False,False,False,True,False,False,False,False,True,False,False,False,True,False,False,False,False,13430,Sales Order,1TD13G1D11106-2325
0,True,True,True,True,False,False,True,True,False,True,False,True,True,False,False,False,True,False,False,False,True,False,True,True,False,13430,Sales Order,1TD13G1D11106-2327
0,False,True,False,False,False,False,True,False,False,False,False,True,False,False,False,False,True,False,False,False,True,False,False,False,False,13430,Sales Order,1TD13G1D11106-2329
0,False,True,False,False,False,False,True,False,False,False,False,True,False,False,False,False,True,False,False,False,False,True,False,False,False,13431,Sales Order,1TD13G1D11104-2307
0,True,True,True,True,False,False,True,True,False,True,False,True,True,False,False,False,True,False,False,False,True,True,True,True,False,13431,Sales Order,1TD13G1D11104-2309
0,True,True,True,True,False,False,True,True,False,True,False,True,True,False,False,False,True,False,False,False,True,False,True,True,False,13432,Sales Order,366605-11
0,True,True,True,True,False,False,True,True,False,True,False,True,True,False,False,False,True,False,False,False,True,False,True,True,False,13433,Sales Order,366605-11
0,True,True,True,True,False,False,True,True,False,True,False,True,True,False,False,False,True,False,False,False,True,False,True,True,False,13434,Sales Order,366605-11
0,True,True,True,True,False,False,False,True,False,True,False,False,True,False,False,False,False,True,False,False,True,False,True,True,False,13435,Sales Order,1TD13G6D32401-1011
0,True,True,True,True,False,False,True,True,False,True,False,True,True,False,False,False,True,False,False,False,True,False,True,True,False,13436,Sales Order,366605-11
0,True,True,True,True,False,False,True,True,False,True,False,True,True,False,False,False,True,False,False,False,True,False,True,True,False,13437,Sales Order,366605-11
0,True,True,True,True,False,False,True,True,False,True,False,True,True,False,False,False,True,False,False,False,True,False,True,True,False,13438,Sales Order,366707-3
0,True,True,True,True,False,False,True,True,False,True,False,True,True,False,False,False,True,False,False,False,True,True,True,True,False,13439,Sales Order,1TD13G3D13304-2301
0,True,True,True,True,False,False,False,True,False,True,False,False,True,False,False,False,True,False,False,False,True,False,True,True,False,13440,Sales Order,DA322A0053-501
0,True,True,True,True,False,False,False,True,False,True,False,False,True,False,False,False,True,False,False,False,True,True,True,True,False,13441,Sales Order,842-349640-1
0,True,True,True,True,False,False,True,True,False,True,False,True,True,False,False,False,True,False,False,False,True,False,True,True,False,13442,Sales Order,366707-3
0,True,True,True,True,False,False,False,True,False,True,False,True,True,False,False,False,True,False,False,False,True,False,True,True,False,13443,Sales Order,366707-3
0,False,True,False,False,False,False,True,False,False,False,False,True,False,False,False,False,True,False,False,False,False,True,False,False,False,13444,Sales Order,1TD13G1A21203-1001
0,True,True,True,True,False,False,True,True,False,True,False,True,True,False,False,False,True,False,False,False,True,True,True,True,False,13444,Sales Order,1TD13G1A21203-1002
0,False,True,False,False,False,False,True,False,False,False,False,True,False,False,False,False,True,False,False,False,False,True,False,False,False,13446,Sales Order,1TD13G3D13302-1001
0,True,True,True,True,False,False,True,True,False,True,False,True,True,False,False,False,True,False,False,False,True,True,True,True,False,13446,Sales Order,1TD13G3D13302-1003
0,True,True,True,True,False,False,False,True,False,True,False,False,True,False,False,False,True,False,False,False,True,True,True,True,False,13448,Sales Order,842-349640-1
0,True,True,True,True,False,False,False,True,False,True,False,False,True,False,False,False,True,False,False,False,True,True,True,True,False,13449,Sales Order,842-349640-1
0,True,True,True,True,False,False,False,True,False,True,False,False,True,False,False,False,True,False,False,False,True,False,True,True,False,13450,Sales Order,152W1499-1
0,True,True,True,True,False,True,False,True,False,True,True,False,True,False,False,False,True,False,False,False,True,False,True,True,False,13451,Sales Order,1TD1367A20524-2003
0,False,True,False,False,False,False,True,False,False,False,False,True,False,False,False,False,False,True,False,False,False,False,True,False,False,13452,Sales Order,1TD1130D07033-1013
0,True,True,True,True,False,False,False,True,False,True,False,True,True,False,False,False,False,True,False,False,True,False,True,True,False,13452,Sales Order,1TD1130D07033-1014
0,False,True,False,False,False,False,True,False,False,False,False,True,False,False,False,False,False,True,False,False,False,False,False,False,False,13452,Sales Order,1TD1130D07033-1015
0,False,True,False,False,False,False,True,False,False,False,False,True,False,False,False,False,False,True,False,False,False,False,True,False,False,13452,Sales Order,1TD1130D07033-1016
0,True,True,True,True,False,True,False,True,False,True,True,False,True,False,False,False,True,False,False,False,True,False,True,True,False,13453,Sales Order,1TD13G3D13101-2315
0,True,True,True,True,False,True,False,True,False,True,False,True,True,False,False,False,True,False,False,False,True,True,True,True,False,13454,Sales Order,148A6354-153
0,True,True,True,True,False,True,False,True,False,True,False,True,True,False,False,False,True,False,False,False,True,False,True,True,False,13455,Sales Order,148A6354-154
0,True,True,True,True,False,False,True,True,False,True,False,True,True,False,False,False,True,False,False,False,True,False,True,True,False,13456,Sales Order,69-77223-1
0,True,True,True,True,False,False,True,True,False,True,False,True,True,False,False,False,True,False,False,False,True,False,True,True,False,13457,Sales Order,69-77163-1
0,True,True,True,True,False,False,False,True,False,True,False,False,True,False,False,False,False,True,False,False,True,False,True,True,False,13458,Sales Order,16B6553-9
0,True,True,True,True,False,True,False,True,False,True,False,True,True,False,False,False,True,False,False,False,True,False,True,True,False,13459,Sales Order,1TD1342D10103-4005
0,True,True,True,True,False,False,True,True,False,True,False,True,True,False,False,False,True,False,False,False,True,False,True,True,False,13460,Sales Order,A090511D0502-2011
0,True,True,True,True,False,False,True,True,False,True,False,True,True,False,False,False,True,False,False,False,True,True,True,True,False,13461,Sales Order,16K0573-17
0,True,True,True,True,False,False,True,True,False,True,False,True,True,False,False,False,True,False,False,False,True,True,True,True,False,13462,Sales Order,1TD1130D07011-2011
0,False,True,False,False,False,False,True,False,False,False,False,True,False,False,False,False,True,False,False,False,False,True,False,False,False,13463,Sales Order,70301-02116-042
0,True,True,True,True,False,False,True,True,False,True,False,True,True,False,False,False,True,False,False,False,True,True,True,True,False,13463,Sales Order,70301-02116-041
0,True,True,True,True,False,False,True,True,False,True,False,True,True,False,False,False,True,False,False,False,True,True,True,True,False,13464,Sales Order,70301-02116-042
0,True,True,True,True,False,False,True,True,False,True,False,True,True,False,False,False,True,False,False,False,True,True,True,True,False,13465,Sales Order,901-036-884-117
0,False,True,False,False,False,False,True,False,False,False,False,True,False,False,False,False,True,False,False,False,False,True,False,False,False,13466,Sales Order,1TD13G1D11104-2307
0,True,True,True,True,False,False,True,True,False,True,False,True,True,False,False,False,True,False,False,False,True,True,True,True,False,13466,Sales Order,1TD13G1D11104-2309
0,False,False,True,False,False,False,False,True,False,False,False,False,True,False,False,False,False,True,False,False,False,False,True,False,False,13467,Sales Order,1TD13G1A21209-1007
0,True,True,True,True,False,False,False,True,False,True,False,False,True,False,False,False,False,True,False,False,True,False,True,True,False,13467,Sales Order,1TD13G1A21209-1008
0,False,False,True,False,False,False,False,True,False,False,False,False,True,False,False,False,False,True,False,False,False,False,True,False,False,13467,Sales Order,1TD13G1A21209-1009
0,False,False,True,False,False,False,False,True,False,False,False,False,True,False,False,False,False,True,False,False,False,False,True,False,False,13467,Sales Order,1TD13G1A21209-1010
0,False,False,True,False,False,False,False,True,False,False,False,False,True,False,False,False,False,True,False,False,False,False,True,False,False,13467,Sales Order,1TD13G1A21209-1011
0,False,False,True,False,False,False,False,True,False,False,False,False,True,False,False,False,False,True,False,False,False,False,True,False,False,13467,Sales Order,1TD13G1A21209-1012
0,True,True,True,True,False,False,True,True,False,True,False,True,True,False,False,False,True,False,False,False,True,True,True,True,False,13468,Sales Order,1TD13G2D01013-2302
0,False,False,True,False,False,False,False,True,False,False,False,False,True,False,False,False,False,True,False,False,False,False,True,False,False,13469,Sales Order,AVB-001-1
0,True,True,True,True,False,False,True,True,False,True,False,True,True,False,False,False,False,True,False,False,True,False,True,True,False,13469,Sales Order,AVB-001-2
0,False,True,False,False,False,False,True,False,False,False,False,True,False,False,False,False,False,True,False,False,False,False,True,False,False,13469,Sales Order,AFPO01-7
0,True,True,True,True,False,False,True,True,False,True,False,True,True,False,False,False,True,False,False,False,True,False,True,True,False,13470,Sales Order,70301-02116-042
0,True,True,True,True,False,False,True,True,False,True,False,True,True,False,False,False,True,False,False,False,True,False,True,True,False,13471,Sales Order,148A6354-153
0,True,False,False,False,False,True,False,False,False,False,False,True,False,False,False,False,True,False,False,False,False,False,False,False,False,13472,Sales Order,1TD1132D06014-2001
0,True,True,True,True,False,True,False,True,False,True,False,True,True,False,False,False,True,False,False,False,True,True,True,True,False,13472,Sales Order,1TD1132D06014-2003
0,True,False,False,False,False,True,False,False,False,False,False,True,False,False,False,False,True,False,False,False,False,True,False,False,False,13472,Sales Order,1TD1132D06016-2001
0,True,False,False,False,False,True,False,False,False,False,False,True,False,False,False,False,True,False,False,False,False,True,False,False,False,13472,Sales Order,1TD1132D06016-2002
0,False,True,False,False,False,False,True,False,False,False,False,True,False,False,False,False,True,False,False,False,False,True,False,False,False,13472,Sales Order,1TD1132D06017-2001
0,False,True,False,False,False,False,True,False,False,False,False,True,False,False,False,False,True,False,False,False,False,True,False,False,False,13472,Sales Order,1TD1132D06018-2001
0,False,True,False,False,False,False,True,False,False,False,False,True,False,False,False,False,True,False,False,False,False,True,False,False,False,13472,Sales Order,1TD1132D06018-2002
0,True,False,False,False,False,True,False,False,False,False,False,True,False,False,False,False,True,False,False,False,False,True,False,False,False,13473,Sales Order,1TD1133D07036-2003
0,True,True,True,True,False,True,False,True,False,True,False,True,True,False,False,False,True,False,False,False,True,True,True,True,False,13473,Sales Order,1TD1133D07036-2004
0,True,True,True,True,False,False,True,True,False,True,False,True,True,False,False,False,True,False,False,False,True,True,True,True,False,13474,Sales Order,5-89525-6
0,True,True,True,True,False,False,True,True,False,True,False,True,True,False,False,False,True,False,False,False,True,True,True,True,False,13475,Sales Order,17P2C1017-1
0,False,False,True,False,False,False,False,True,False,False,False,False,True,False,False,False,False,True,False,False,False,False,True,False,False,13476,Sales Order,1TD1135D37417-1003-701
0,True,True,True,True,False,False,False,True,False,True,False,False,True,False,False,False,False,True,False,False,True,False,True,True,False,13476,Sales Order,1TD1135D37417-1004-701
0,False,False,True,False,False,False,False,True,False,False,False,False,True,False,False,False,True,False,False,False,False,False,True,False,False,13477,Sales Order,1TD13G6D32105-1009
0,True,True,True,True,False,False,False,True,False,True,False,False,True,False,False,False,True,False,False,False,True,False,True,True,False,13477,Sales Order,1TD13G6D32105-1011
0,True,True,True,True,False,True,False,True,False,True,True,False,True,False,False,False,True,False,False,False,True,True,True,True,False,13478,Sales Order,1TD13G3D13810-2303
0,True,True,True,True,False,False,True,True,False,True,False,True,True,False,False,False,True,False,False,False,True,True,True,True,False,13479,Sales Order,70301-10008-044
0,True,True,True,True,False,False,True,True,False,True,False,True,True,False,False,False,True,False,False,False,True,True,True,True,False,13480,Sales Order,70301-02116-042
0,True,True,True,True,False,False,True,True,False,True,False,True,True,False,False,False,True,False,False,False,True,False,True,True,False,13481,Sales Order,1TD13G4D24109-1004
0,False,True,False,False,False,False,True,False,False,False,False,True,False,False,False,False,True,False,False,False,False,True,False,False,False,13482,Sales Order,1TD1135D37313-2003-801
0,True,True,True,True,False,False,True,True,False,True,False,True,True,False,False,False,True,False,False,False,True,True,True,True,False,13482,Sales Order,1TD1135D37313-2004-801
0,False,True,False,False,False,False,True,False,False,False,False,True,False,False,False,False,True,False,False,False,False,True,False,False,False,13483,Sales Order,1TD1135D19202-2007
0,True,True,True,True,False,True,False,True,False,True,True,False,True,False,False,False,True,False,False,False,True,False,True,True,False,13483,Sales Order,1TD1135D19202-2009
0,False,True,False,False,False,False,True,False,False,False,False,True,False,False,False,False,True,False,False,False,False,True,False,False,False,13483,Sales Order,1TD1135D19202-2011
0,False,True,False,False,False,False,True,False,False,False,False,True,False,False,False,False,True,False,False,False,False,True,False,False,False,13484,Sales Order,1TD1135D77212-2001-801
0,True,True,True,True,False,False,True,True,False,True,False,True,True,False,False,False,True,False,False,False,True,True,True,True,False,13484,Sales Order,1TD1135D77212-2002-801
0,True,True,True,True,False,False,True,True,False,True,False,True,True,False,False,False,False,True,False,False,True,True,True,True,False,13485,Sales Order,1TD1135D13614-2003
0,False,True,False,False,False,False,True,False,False,False,False,True,False,False,False,False,True,False,False,False,False,True,False,False,False,13486,Sales Order,1TD1367D20603-2001
0,True,True,True,True,False,False,True,True,False,True,False,True,True,False,False,False,True,False,False,False,True,True,True,True,False,13486,Sales Order,1TD1367D20603-2003
0,False,True,False,False,False,False,True,False,False,False,False,True,False,False,False,False,True,False,False,False,False,True,False,False,False,13486,Sales Order,1TD1367D20603-2005
0,True,True,True,True,False,False,True,True,False,True,False,True,True,False,False,False,True,False,False,False,True,False,True,True,False,13487,Sales Order,366605-11
0,True,True,True,True,False,False,True,True,False,True,False,True,True,False,False,False,True,False,False,False,True,False,True,True,False,13489,Sales Order,366605-11
0,False,True,False,False,False,False,True,False,False,False,False,True,False,False,False,False,True,True,False,False,False,True,False,False,False,13490,Sales Order,60P5750789M005-01B
0,True,True,True,True,False,False,True,True,False,True,False,True,True,False,False,False,True,False,False,False,True,True,True,True,False,13490,Sales Order,60P5750790M005-02C.
0,False,True,False,False,False,False,True,False,True,False,False,True,False,False,False,True,False,False,False,False,False,True,False,False,False,13490,Sales Order,60P5750904M003-02A
0,False,True,False,False,False,False,True,False,False,False,False,True,False,False,False,False,True,False,False,False,False,True,False,False,False,13490,Sales Order,60P5750831M003-01A
0,False,True,False,False,False,False,True,False,False,False,False,True,False,False,False,False,True,False,False,False,False,True,False,False,False,13490,Sales Order,60P5750832M003-02A
0,False,True,False,False,False,False,True,False,False,False,False,True,False,False,False,False,True,False,False,False,False,True,False,False,False,13490,Sales Order,60P5750885M003-01A
0,False,True,False,False,False,False,True,False,False,False,False,True,False,False,False,True,False,False,False,False,False,True,False,False,False,13490,Sales Order,60P5750886M003-02A
0,False,True,False,False,False,False,True,False,False,False,False,True,False,False,False,False,True,False,False,False,False,True,False,False,False,13490,Sales Order,60P5750887M003-01A
0,False,True,False,False,False,False,True,False,False,False,False,True,False,False,False,True,False,False,False,False,False,True,False,False,False,13490,Sales Order,60P5750888M003-02A
0,False,True,False,False,False,False,True,False,False,False,False,True,False,False,False,True,False,False,False,False,False,True,False,False,False,13490,Sales Order,60P5750889M004-01A
0,False,True,False,False,False,False,True,False,False,False,False,True,False,False,False,False,True,False,False,False,False,True,False,False,False,13490,Sales Order,60P5750890M005-02A
0,True,True,True,True,False,False,False,True,False,True,False,False,True,False,False,False,False,True,False,False,True,True,True,True,False,13491,Sales Order,1TD1150D07023-2007
0,False,False,True,False,False,False,False,True,False,False,False,False,True,False,False,False,False,True,False,False,False,True,False,False,False,13492,Sales Order,1TD1135D57303-2005-801
0,True,True,True,True,False,False,False,True,False,True,False,False,True,False,False,False,False,True,False,False,True,True,True,True,False,13492,Sales Order,1TD1135D57303-2006-801
0,True,True,True,True,False,False,True,True,False,True,False,True,True,False,False,False,True,False,False,False,True,True,True,True,False,13494,Sales Order,70305-02107-103
0,True,True,True,True,False,False,True,True,False,True,False,True,True,False,False,False,True,False,False,False,True,True,True,True,False,13495,Sales Order,16K0685-1
0,True,True,True,True,False,False,True,True,False,True,False,True,True,False,False,False,False,True,False,False,True,False,True,True,False,13496,Sales Order,16L132-801
0,True,True,True,True,False,False,False,True,False,True,False,False,True,False,False,False,True,False,False,False,True,True,True,True,False,13497,Sales Order,5HR92037-101
0,True,True,True,True,False,False,True,True,False,True,False,True,True,False,False,False,True,False,False,False,True,False,True,True,False,13498,Sales Order,65300-12133-041
0,True,True,True,True,False,False,True,True,False,True,False,True,True,False,False,False,True,False,False,False,True,True,True,True,False,13504,Sales Order,16P192-19
0,True,True,True,True,False,False,True,True,False,True,False,True,True,False,False,False,True,False,False,False,True,True,True,True,False,13505,Sales Order,1TD13G6A32216-1001
0,False,True,False,False,False,False,True,False,False,False,False,True,False,False,False,False,True,False,False,False,False,True,False,False,False,13506,Sales Order,1TD13G6D32216-1003
0,True,True,True,True,False,False,True,True,False,True,False,True,True,False,False,False,True,False,False,False,True,True,True,True,False,13506,Sales Order,1TD13G6D32216-1001
0,True,False,False,False,False,True,False,False,False,False,True,False,False,False,False,False,True,False,False,False,True,False,False,False,False,13506,Sales Order,1TD13G6D32216-2309
0,False,True,False,False,False,False,True,False,False,False,False,True,False,False,False,False,True,False,False,False,False,True,False,False,False,13507,Sales Order,1TD1135D37417-1003-701
0,True,True,True,True,False,False,True,True,False,True,False,True,True,False,False,False,True,False,False,False,True,True,True,True,False,13507,Sales Order,1TD1135D37417-1004-701
0,True,True,True,True,False,False,True,True,False,True,False,True,True,False,False,False,True,False,False,False,True,True,True,True,False,13509,Sales Order,70301-02116-042
0,True,True,True,True,False,False,True,True,False,True,False,True,True,False,False,False,True,False,False,False,True,True,True,True,False,13510,Sales Order,70305-02107-103
0,False,False,True,False,False,False,False,True,False,False,False,False,True,False,False,False,True,False,False,False,False,True,False,False,False,13511,Sales Order,17TD1131D17026-2001
0,True,True,True,True,False,False,False,True,False,True,False,False,True,False,False,False,False,True,False,False,True,True,True,True,False,13511,Sales Order,1TD1131D17026-2002
0,False,False,True,False,False,False,False,True,False,False,False,False,True,False,False,False,True,False,False,False,False,True,False,False,False,13512,Sales Order,1TD1135D77303-2001-801
0,True,True,True,True,False,False,False,True,False,True,False,False,True,False,False,False,True,False,False,False,True,True,True,True,False,13512,Sales Order,1TD1135D77303-2002-801
0,False,False,True,False,False,False,False,True,False,False,False,False,True,False,False,False,True,False,False,False,False,True,False,False,False,13512,Sales Order,1TD1135D77303-2003-801
0,True,False,False,False,False,True,False,False,False,False,True,False,False,False,False,False,False,False,False,False,False,True,False,False,False,13512,Sales Order,1TD1135D77303-2004-801
0,False,False,True,False,False,False,False,True,False,False,False,False,True,False,False,False,True,False,False,False,False,True,False,False,False,13513,Sales Order,1TD13G1A21201-9502
0,True,True,True,True,False,False,False,True,False,True,False,False,True,False,False,False,True,False,False,False,True,True,True,True,False,13513,Sales Order,1TD13G1A21202-9502
0,False,False,True,False,False,False,False,True,False,False,False,False,True,False,False,False,True,False,False,False,False,True,False,False,False,13513,Sales Order,1TD13G1A21203-9502
0,False,True,False,False,False,False,True,False,False,False,False,False,True,False,False,False,True,False,False,False,False,True,False,False,False,13513,Sales Order,1TD13G1A21209-9508
0,False,True,False,False,False,False,True,False,False,False,False,False,True,False,False,False,True,False,False,False,False,True,False,False,False,13513,Sales Order,1TD13G1A21209-9510
0,False,True,False,False,False,False,True,False,False,False,False,False,True,False,False,False,True,False,False,False,False,True,False,False,False,13513,Sales Order,1TD13G1A21209-9512
0,False,True,False,False,False,False,True,False,False,False,False,True,False,False,False,False,True,False,False,False,False,True,False,False,False,13514,Sales Order,1TD1135D17306-2001
0,True,True,True,True,False,False,True,True,False,True,False,True,True,False,False,False,True,False,False,False,True,True,True,True,False,13514,Sales Order,1TD1135D17306-2003
0,True,True,True,True,False,False,True,True,False,True,False,True,True,False,False,False,True,False,False,False,True,True,True,True,False,13515,Sales Order,70302-02139-041
0,False,False,True,False,False,False,False,True,False,False,False,False,True,False,False,False,True,False,False,False,False,False,True,False,False,13516,Sales Order,1TD1135D57605-2005-801
0,True,True,True,True,False,False,False,True,False,True,False,False,True,False,False,False,True,False,False,False,True,False,True,True,False,13516,Sales Order,1TD1135D57605-2006-801
0,False,False,True,False,False,False,False,True,False,False,False,False,True,False,False,False,True,False,False,False,False,False,True,False,False,13516,Sales Order,1TD1135D57605-2007-801
0,False,False,True,False,False,False,False,True,False,False,False,False,True,False,False,False,True,False,False,False,False,False,True,False,False,13516,Sales Order,1TD1135D57605-2008-801
0,False,False,True,False,False,False,False,True,False,False,False,False,True,False,False,False,True,False,False,False,False,False,True,False,False,13516,Sales Order,1TD1135D57605-2009-801
0,False,False,True,False,False,False,False,True,False,False,False,False,True,False,False,False,True,False,False,False,False,False,True,False,False,13516,Sales Order,1TD1135D57605-2010-801
0,False,False,True,False,False,False,False,True,False,False,False,False,True,False,False,False,True,False,False,False,False,False,True,False,False,13516,Sales Order,1TD1135D57605-2011-801
0,False,False,True,False,False,False,False,True,False,False,False,False,True,False,False,False,True,False,False,False,False,False,True,False,False,13516,Sales Order,1TD1135D57605-2012-801
0,False,False,True,False,False,False,False,True,False,False,False,False,True,False,False,False,True,False,False,False,False,False,True,False,False,13571,Sales Order,1TD1135D77208-1003
0,True,True,True,True,False,False,False,True,False,True,False,False,True,False,False,False,True,False,False,False,True,True,True,True,False,13517,Sales Order,1TD1135D77208-1004
0,False,False,True,False,False,False,False,True,False,False,False,False,True,False,False,False,True,False,False,False,False,True,False,False,False,13517,Sales Order,1TD1135D77208-1003-702
0,True,True,True,True,False,False,False,True,False,True,False,False,True,False,False,False,True,False,False,False,True,True,True,True,False,13517,Sales Order,1TD1135D77208-1004-702
0,True,True,True,True,False,False,True,True,False,True,False,True,True,False,False,False,True,False,False,False,True,True,True,True,False,13518,Sales Order,70301-10008-044
0,False,False,True,False,False,False,False,True,False,False,False,False,True,False,False,False,True,False,False,False,False,True,False,False,False,13519,Sales Order,17D1135D77215-1001
0,True,True,True,True,False,False,False,True,False,True,False,False,True,False,False,False,True,False,False,False,True,True,True,True,False,13519,Sales Order,1TD1135D77215-1002
0,False,False,True,False,False,False,False,True,False,False,False,False,True,False,False,False,True,False,False,False,False,True,False,False,False,13519,Sales Order,1TD1135D77215-1003-702
0,False,False,True,False,False,False,False,True,False,False,False,False,True,False,False,False,True,False,False,False,False,True,False,False,False,13519,Sales Order,1TD1135D77215-1004-702
0,True,False,False,False,False,True,False,False,False,False,True,False,False,False,False,False,True,False,False,False,False,False,False,False,False,13520,Sales Order,1TD1131D37021-2003
0,True,True,True,True,False,False,False,True,False,True,False,False,True,False,False,False,True,False,False,False,True,True,True,True,False,13520,Sales Order,1TD1131D37021-2004
0,True,True,True,True,False,False,True,True,False,True,False,True,True,False,False,False,True,False,False,False,True,True,True,True,False,13521,Sales Order,1TD1133D07035-2003
0,True,True,True,True,False,False,True,True,False,True,False,True,True,False,False,False,True,False,False,False,True,True,True,True,False,13522,Sales Order,1TD1131D17012-2003
0,True,True,True,True,False,False,True,True,False,True,False,True,True,False,False,False,True,False,False,False,True,False,True,True,False,13523,Sales Order,366605-11
0,True,True,True,True,False,False,True,True,False,True,False,True,True,False,False,False,True,False,False,False,True,False,True,True,False,13524,Sales Order,366605-11
0,True,True,True,True,False,False,True,True,False,True,False,True,True,False,False,False,True,False,False,False,True,False,True,True,False,13525,Sales Order,366605-11
0,False,False,True,False,False,False,False,True,False,False,False,False,True,False,False,False,True,False,False,False,False,True,False,False,False,13526,Sales Order,1TD1135D37201-2007-801
0,True,True,True,True,False,False,False,True,False,True,False,False,True,False,False,False,True,False,False,False,True,True,True,True,False,13526,Sales Order,1TD1135D37201-2008-801
0,False,False,True,False,False,False,False,True,False,False,False,False,True,False,False,False,True,False,False,False,False,True,False,False,False,13527,Sales Order,1TD1135D37201-2007-801
0,True,True,True,True,False,False,False,True,False,True,False,False,True,False,False,False,True,False,False,False,True,True,True,True,False,13527,Sales Order,1TD1135D37201-2008-801
0,True,True,True,True,False,False,True,True,False,True,False,False,True,False,False,False,True,False,False,False,True,True,True,True,False,13528,Sales Order,2CEH20207-0001
0,True,True,True,True,False,False,True,True,False,True,False,True,True,False,False,False,True,False,False,False,True,False,True,True,False,13529,Sales Order,366605-11
0,True,True,True,True,False,False,True,True,False,True,False,True,True,False,False,False,True,False,False,False,True,False,True,True,False,13530,Sales Order,366605-11
0,False,False,True,False,False,False,False,True,False,False,False,False,True,False,False,False,True,False,False,False,False,True,False,False,False,13533,Sales Order,1TD1135D37203-2001-801
0,True,True,True,True,False,False,False,True,False,True,False,False,True,False,False,False,True,False,False,False,True,True,True,True,False,13533,Sales Order,1TD1135D37203-2002-801
0,False,False,True,False,False,False,False,True,False,False,False,False,True,False,False,False,True,False,False,False,False,True,False,False,False,13533,Sales Order,1TD1135D37203-2003-801
0,False,False,True,False,False,False,False,True,False,False,False,False,True,False,False,False,True,False,False,False,False,True,False,False,False,13533,Sales Order,1TD1135D37203-2004-801
0,True,False,False,False,False,False,False,False,False,False,False,True,False,False,False,False,True,False,False,False,True,False,False,False,False,13534,Sales Order,1TD1131D17026-2003
0,True,True,True,True,False,True,False,True,False,True,True,False,True,False,False,False,True,False,False,False,True,False,True,True,False,13534,Sales Order,1TD1131D17026-2004
0,False,True,False,False,False,False,True,False,False,False,False,True,False,False,False,False,True,False,False,False,False,True,False,False,False,13535,Sales Order,1TD1150D07039-2005
0,True,True,True,True,False,False,True,True,False,True,False,True,True,False,False,False,True,False,False,False,True,True,True,True,False,13535,Sales Order,1TD1150D07039-2006
0,False,True,False,False,False,False,False,False,False,False,False,True,False,False,False,False,True,False,False,False,False,True,False,False,False,13535,Sales Order,1TD1150D07039-2007
0,False,True,False,False,False,False,True,False,False,False,False,True,False,False,False,False,True,False,False,False,False,True,False,False,False,13535,Sales Order,1TD1150D07039-2008
0,True,True,True,True,False,False,True,True,False,True,False,True,True,False,False,False,True,False,False,False,True,True,True,True,False,13536,Sales Order,16B5122-157
0,True,True,True,True,False,False,True,True,False,True,False,True,True,False,False,False,True,False,False,False,True,False,True,True,False,13537,Sales Order,366605-11
0,True,True,True,True,False,False,True,True,False,True,False,False,True,False,False,False,True,False,False,False,True,True,True,True,False,13538,Sales Order,60P2815801M003-01A
0,True,True,True,True,False,False,True,True,False,True,False,True,True,False,False,False,True,False,False,False,True,True,True,True,False,13539,Sales Order,60P2815802M003-02A
0,False,True,False,False,False,False,True,False,False,False,False,True,False,False,False,False,False,True,False,False,False,True,False,False,False,13540,Sales Order,UHK23288-1
0,True,True,True,True,False,False,False,True,False,True,False,False,True,False,False,False,True,False,False,False,True,True,True,True,False,13540,Sales Order,UHK23289-1
0,False,False,True,False,False,False,False,True,False,False,False,False,True,False,False,False,True,False,False,False,False,True,False,False,False,13540,Sales Order,UHK23629-1
0,False,False,True,False,False,False,False,True,False,False,False,False,True,False,False,False,True,False,False,False,False,True,False,False,False,13540,Sales Order,UHK23629-2
0,False,True,False,False,False,False,True,False,False,False,False,True,False,False,False,False,True,False,False,False,False,True,False,False,False,13540,Sales Order,UHK23638-1
0,False,True,False,False,False,False,True,False,False,False,False,True,False,False,False,False,True,False,False,False,False,True,False,False,False,13540,Sales Order,UHK23638-2
0,True,True,True,True,False,False,True,True,False,True,False,True,True,False,False,False,True,False,False,False,True,True,True,True,False,13541,Sales Order,60P5750903M003-01A
0,True,True,True,True,False,False,True,True,False,True,False,True,True,False,False,False,True,False,False,False,True,True,True,True,False,13549,Sales Order,70301-10008-044
0,True,True,True,True,False,False,True,True,False,True,False,True,True,False,False,False,True,False,False,False,True,True,True,True,False,13551,Sales Order,A2231A5471-303
0,True,True,True,True,False,False,True,True,False,True,False,True,True,False,False,False,True,False,False,False,True,True,True,True,False,13552,Sales Order,65261-08013-041
0,True,True,True,True,False,False,False,True,False,True,False,False,True,False,False,False,True,False,False,False,True,False,True,True,False,13553,Sales Order,69-77163-1
0,True,True,True,True,False,False,True,True,False,True,False,True,True,False,False,False,True,False,False,False,True,True,True,True,False,13554,Sales Order,60P5755825M002-01A
0,True,True,True,True,False,False,True,True,False,True,False,True,True,False,False,False,True,False,False,False,True,True,True,True,False,13555,Sales Order,60P5755821M002-01A
0,True,True,True,True,False,False,True,True,False,True,False,True,True,False,False,False,True,False,False,False,True,True,True,True,False,13556,Sales Order,60P5755823M002-01A
0,True,True,True,True,False,False,True,True,False,True,False,True,True,False,False,False,True,False,False,False,True,True,True,True,False,13557,Sales Order,60P5755826M002-02A
0,True,True,True,True,False,False,True,True,False,True,False,True,True,False,False,False,True,False,False,False,True,True,True,True,False,13558,Sales Order,60P5755824M002-02A
0,True,True,True,True,False,False,True,True,False,True,False,True,True,False,False,False,True,False,False,False,True,True,True,True,False,13559,Sales Order,60P5755822M002-02A
0,True,True,True,True,False,True,False,True,False,True,False,True,True,False,False,False,True,False,False,False,True,False,True,True,False,13561,Sales Order,842-349640-1
0,True,True,True,True,False,False,True,True,False,True,False,True,True,False,False,False,True,False,False,False,True,False,True,True,False,13562,Sales Order,842-349640-1
0,False,True,False,False,False,False,True,False,False,False,False,True,False,False,False,False,True,False,False,False,False,True,False,False,False,13563,Sales Order,1TD1363A20704-1005
0,True,True,True,True,False,False,True,True,False,True,False,True,True,False,False,False,True,False,False,False,True,True,True,True,False,13563,Sales Order,1TD1363A20704-1006
0,True,True,True,True,False,False,True,True,False,True,False,True,True,False,False,False,True,False,False,False,True,False,True,True,False,13564,Sales Order,2CEH20207-0001
0,True,True,True,True,False,False,True,True,False,True,False,True,True,False,False,False,True,False,False,False,True,False,True,True,False,13565,Sales Order,141A6164-1
0,True,True,True,True,False,False,True,True,False,True,False,True,True,False,False,False,True,False,False,False,True,True,True,True,False,13566,Sales Order,141A8363-4
0,True,True,True,True,False,False,True,True,False,True,False,True,True,False,False,False,True,False,False,False,True,False,True,True,False,13567,Sales Order,141A8908-2
0,True,True,True,True,False,False,True,True,False,True,False,True,True,False,False,False,True,False,False,False,True,False,True,True,False,13568,Sales Order,141A8908-3
0,True,True,True,True,False,False,True,True,False,True,False,True,True,False,False,False,True,False,False,False,True,False,True,True,False,13569,Sales Order,141A8908-4
0,True,True,True,True,False,False,True,True,False,True,False,True,True,False,False,False,True,False,False,False,True,False,True,True,False,13570,Sales Order,141A8908-7
0,True,True,True,True,False,False,True,True,False,True,False,True,True,False,False,False,True,False,False,False,True,False,True,True,False,13571,Sales Order,141A8908-8
0,True,True,True,True,False,False,True,True,False,True,False,True,True,False,False,False,True,False,False,False,True,False,True,True,False,13572,Sales Order,141A8908-9
0,True,True,True,True,False,False,False,True,False,True,False,True,True,False,False,False,True,False,False,False,True,True,True,True,False,13573,Sales Order,141T1824-21
0,True,True,True,True,False,False,True,True,False,True,False,True,True,False,False,False,True,False,False,False,True,False,True,True,False,13574,Sales Order,141T1824-22
0,True,True,True,True,False,False,True,True,False,True,False,True,True,False,False,False,True,False,False,False,True,False,True,True,False,13575,Sales Order,141T1824-917
0,True,True,True,True,False,False,True,True,False,True,False,True,True,False,False,False,True,False,False,False,True,False,True,True,False,13576,Sales Order,141T1824-918
0,True,True,True,True,False,False,True,True,False,True,False,True,True,False,False,False,True,False,False,False,True,True,True,True,False,13577,Sales Order,141T4934-2
0,True,True,True,True,False,False,False,True,False,True,False,True,True,False,False,False,True,False,False,False,True,False,True,True,False,13578,Sales Order,141T4949-1
0,True,True,True,True,False,False,True,True,False,True,False,True,True,False,False,False,True,False,False,False,True,False,True,True,False,13579,Sales Order,141T4949-2
0,True,True,True,True,False,False,True,True,False,True,False,True,True,False,False,False,True,False,False,False,True,False,True,True,False,13580,Sales Order,141T7835-5
0,True,True,True,True,False,False,True,True,False,True,False,True,True,False,False,False,True,False,False,False,True,False,True,True,False,13581,Sales Order,141W7242-4
0,True,True,True,True,False,False,True,True,False,True,False,True,True,False,False,False,True,False,False,False,True,False,True,True,False,13582,Sales Order,143A7733-9
0,True,True,True,True,False,False,True,True,False,True,False,True,True,False,False,False,True,False,False,False,True,False,True,True,False,13583,Sales Order,143A7916-15
0,True,True,True,True,False,False,True,True,False,True,False,True,True,False,False,False,True,False,False,False,True,False,True,True,False,13584,Sales Order,143A7981-68
0,True,True,True,True,False,False,True,True,False,True,False,True,True,False,False,False,True,False,False,False,True,True,True,True,False,13586,Sales Order,143A7991-17
0,True,True,True,True,False,False,True,True,False,True,False,True,True,False,False,False,True,False,False,False,True,True,True,True,False,13587,Sales Order,143A7991-18
0,True,True,True,True,False,False,True,True,False,True,False,True,True,False,False,False,True,False,False,False,True,True,True,True,False,13588,Sales Order,143A7991-47
0,True,True,True,True,False,False,True,True,False,True,False,True,True,False,False,False,True,False,False,False,True,True,True,True,False,13589,Sales Order,144A8821-5
0,True,True,True,True,False,False,True,True,False,True,False,True,True,False,False,False,True,False,False,False,True,True,True,True,False,13590,Sales Order,146A3401-16
0,True,True,True,True,False,False,True,True,False,True,False,True,True,False,False,False,True,False,False,False,True,True,True,True,False,13591,Sales Order,146A3401-17
0,True,True,True,True,False,False,True,True,False,True,False,True,True,False,False,False,True,False,False,False,True,True,True,True,False,13592,Sales Order,146A6907-1
0,True,True,True,True,False,False,True,True,False,True,False,True,True,False,False,False,True,False,False,False,True,True,True,True,False,13593,Sales Order,146A6908-1
0,True,True,True,True,False,False,True,True,False,True,False,True,True,False,False,False,True,False,False,False,True,True,True,True,False,13594,Sales Order,146A7216-151
0,True,True,True,True,False,False,True,True,False,True,False,True,True,False,False,False,True,False,False,False,True,True,True,True,False,13595,Sales Order,146A7216-23
0,True,True,True,True,False,False,True,True,False,True,False,True,True,False,False,False,True,False,False,False,True,False,True,True,False,13596,Sales Order,146A7216-25
0,True,True,True,True,False,False,True,True,False,True,False,True,True,False,False,False,True,False,False,False,True,True,True,True,False,13597,Sales Order,146A7928-9
0,True,True,True,True,False,False,True,True,False,True,False,True,True,False,False,False,True,False,False,False,True,True,True,True,False,13598,Sales Order,147A8127-99759
0,True,True,True,True,False,False,True,True,False,True,False,True,True,False,False,False,True,False,False,False,True,True,True,True,False,13599,Sales Order,147A8127-99779
0,True,True,True,True,False,True,False,True,False,True,False,True,True,False,False,False,True,False,False,False,True,False,True,True,False,13600,Sales Order,147A9100-11
0,True,True,True,True,False,True,False,True,False,True,False,True,True,False,False,False,True,False,False,False,True,False,True,True,False,13601,Sales Order,147A9100-13
0,True,True,True,True,False,True,False,True,False,True,False,True,True,False,False,False,True,False,False,False,True,False,True,True,False,13602,Sales Order,147A9100-15
0,True,True,True,True,False,True,False,True,False,True,False,True,True,False,False,False,True,False,False,False,True,False,True,True,False,13603,Sales Order,147A9100-157
0,True,True,True,True,False,True,False,True,False,True,False,True,True,False,False,False,True,False,False,False,True,False,True,True,False,13604,Sales Order,147A9100-17
0,True,True,True,True,False,True,False,True,False,True,False,True,True,False,False,False,True,False,False,False,True,False,True,True,False,13605,Sales Order,147A9100-19
0,True,True,True,True,False,True,False,True,False,True,False,True,True,False,False,False,True,False,False,False,True,False,True,True,False,13606,Sales Order,147A9100-21
0,True,True,True,True,False,True,False,True,False,True,False,True,True,False,False,False,True,False,False,False,True,False,True,True,False,13607,Sales Order,147A9100-22
0,True,True,True,True,False,True,False,True,False,True,False,True,True,False,False,False,True,False,False,False,True,False,True,True,False,13608,Sales Order,147A9100-29
0,True,True,True,True,False,True,False,True,False,True,False,True,True,False,False,False,True,False,False,False,True,False,True,True,False,13609,Sales Order,147A9100-3
0,True,True,True,True,False,True,False,True,False,True,False,True,True,False,False,False,True,False,False,False,True,False,True,True,False,13610,Sales Order,147A9100-30
0,True,True,True,True,False,True,False,True,False,True,False,True,True,False,False,False,True,False,False,False,True,False,True,True,False,13611,Sales Order,147A9100-7
0,True,True,True,True,False,True,False,True,False,True,False,True,True,False,False,False,True,False,False,False,True,False,True,True,False,13612,Sales Order,147A9100-73
0,True,True,True,True,False,True,False,True,False,True,False,True,True,False,False,False,True,False,False,False,True,False,True,True,False,13613,Sales Order,147A9100-75
0,True,True,True,True,False,True,False,True,False,True,False,True,True,False,False,False,True,False,False,False,True,False,True,True,False,13614,Sales Order,147A9100-76
0,True,True,True,True,False,True,False,True,False,True,False,True,True,False,False,False,True,False,False,False,True,False,True,True,False,13615,Sales Order,147A9100-87
0,True,True,True,True,False,True,False,True,False,True,False,True,True,False,False,False,True,False,False,False,True,False,True,True,False,13616,Sales Order,147A9100-88
0,True,True,True,True,False,True,False,True,False,True,False,True,True,False,False,False,True,False,False,False,True,False,True,True,False,13617,Sales Order,147A9100-9
0,True,True,True,True,False,False,True,True,False,True,False,True,True,False,False,False,True,False,False,False,True,False,True,True,False,13618,Sales Order,148A1639-9
0,True,True,True,True,False,True,False,True,False,True,False,True,True,False,False,False,True,False,False,False,True,False,True,True,False,13619,Sales Order,149A7566-102
0,True,True,True,True,False,True,False,True,False,True,False,True,True,False,False,False,True,False,False,False,True,False,True,True,False,13620,Sales Order,149A8005-13
0,True,True,True,True,False,True,False,True,False,True,False,True,True,False,False,False,True,False,False,False,True,False,True,True,False,13621,Sales Order,149A8005-14
0,True,True,True,True,False,False,True,True,False,True,False,True,True,False,False,False,True,False,False,False,True,False,True,True,False,13622,Sales Order,181A3401-5
0,True,True,True,True,False,False,True,True,False,True,False,True,True,False,False,False,True,False,False,False,True,False,True,True,False,13623,Sales Order,181A3401-6
0,True,True,True,True,False,False,True,True,False,True,False,True,True,False,False,False,True,False,False,False,True,False,True,True,False,13624,Sales Order,181A3401-7
0,True,True,True,True,False,False,True,True,False,True,False,True,True,False,False,False,True,False,False,False,True,False,True,True,False,13625,Sales Order,181A3401-8
0,True,True,True,True,False,False,True,True,False,True,False,True,True,False,False,False,True,False,False,False,True,False,True,True,False,13626,Sales Order,181A3402-5
0,True,True,True,True,False,False,True,True,False,True,False,True,True,False,False,False,True,False,False,False,True,False,True,True,False,13627,Sales Order,181A3402-6
0,True,True,True,True,False,False,True,True,False,True,False,True,True,False,False,False,True,False,False,False,True,False,True,True,False,13628,Sales Order,181A3402-7
0,True,True,True,True,False,False,True,True,False,True,False,True,True,False,False,False,True,False,False,False,True,False,True,True,False,13629,Sales Order,181A3402-8
0,True,True,True,True,False,False,True,True,False,True,False,True,True,False,False,False,True,False,False,False,True,False,True,True,False,13630,Sales Order,181A3403-5
0,True,True,True,True,False,False,True,True,False,True,False,True,True,False,False,False,True,False,False,False,True,False,True,True,False,13631,Sales Order,181A3403-6
0,True,True,True,True,False,False,True,True,False,True,False,True,True,False,False,False,True,False,False,False,True,False,True,True,False,13632,Sales Order,181A3403-7
0,True,True,True,True,False,False,True,True,False,True,False,True,True,False,False,False,True,False,False,False,True,False,True,True,False,13633,Sales Order,181A3403-8
0,True,True,True,True,False,False,True,True,False,True,False,True,True,False,False,False,True,False,False,False,True,False,True,True,False,13634,Sales Order,31172154-2
0,True,True,True,True,False,True,False,True,False,True,False,True,True,False,False,False,True,False,False,False,True,False,True,True,False,13635,Sales Order,31172311-4
0,True,True,True,True,False,False,True,True,False,True,False,True,True,False,False,False,True,False,False,False,True,False,True,True,False,13636,Sales Order,311W1452-13
0,True,True,True,True,False,False,True,True,False,True,False,True,True,False,False,False,True,False,False,False,True,False,True,True,False,13637,Sales Order,311W1452-14
0,True,True,True,True,False,True,False,True,False,True,False,True,True,False,False,False,True,False,False,False,True,False,True,True,False,13638,Sales Order,312A6151-18
0,True,True,True,True,False,False,True,True,False,True,False,True,True,False,False,False,True,False,False,False,True,False,True,True,False,13639,Sales Order,312A6151-19
0,True,True,True,True,False,False,True,True,False,True,False,True,True,False,False,False,True,False,False,False,True,False,True,True,False,13640,Sales Order,313W1252-13
0,True,True,True,True,False,False,True,True,False,True,False,True,True,False,False,False,True,False,False,False,True,False,True,True,False,13641,Sales Order,313W1252-18
0,True,True,True,True,False,False,True,True,False,True,False,True,True,False,False,False,True,False,False,False,True,False,True,True,False,13642,Sales Order,314W2141-11
0,True,True,True,True,False,False,True,True,False,True,False,True,True,False,False,False,True,False,False,False,True,False,True,True,False,13643,Sales Order,314W2141-12
0,True,True,True,True,False,True,False,True,False,True,False,True,True,False,False,False,True,False,False,False,True,False,True,True,False,13644,Sales Order,315A2108-3
0,True,True,True,True,False,False,True,True,False,True,False,True,True,False,False,False,True,False,False,False,True,False,True,True,False,13645,Sales Order,315W1197-79
0,True,True,True,True,False,False,True,True,False,True,False,True,True,False,False,False,True,False,False,False,True,False,True,True,False,13646,Sales Order,315W1197-83
0,True,True,True,True,False,False,True,True,False,True,False,True,True,False,False,False,True,False,False,False,True,False,True,True,False,13647,Sales Order,315W1365-9
0,True,True,True,True,False,True,False,True,False,True,False,True,True,False,False,False,True,False,False,False,True,False,True,True,False,13648,Sales Order,421W4514-17
0,True,True,True,True,False,True,False,True,False,True,False,True,True,False,False,False,True,False,False,False,True,False,True,True,False,13649,Sales Order,421W4514-19
0,True,True,True,True,False,False,True,True,False,True,False,True,True,False,False,False,True,False,False,False,True,False,True,True,False,13650,Sales Order,65-67747-5
0,True,True,True,True,False,False,True,True,False,True,False,True,True,False,False,False,True,False,False,False,True,False,True,True,False,13651,Sales Order,65C33120-2
0,True,True,True,True,False,True,False,True,False,True,False,True,True,False,False,False,True,False,False,False,True,False,True,True,False,13652,Sales Order,66-19355-1
0,True,True,True,True,False,False,True,True,False,True,False,True,True,False,False,False,True,False,False,False,True,False,True,True,False,13653,Sales Order,9-64304-3
0,True,True,True,True,False,False,True,True,False,True,False,True,True,False,False,False,True,False,False,False,True,False,True,True,False,13654,Sales Order,9-64334-5
0,True,True,True,True,False,False,True,True,False,True,False,True,True,False,False,False,True,False,False,False,True,False,True,True,False,13655,Sales Order,9-64334-6
0,False,False,True,False,False,False,False,True,False,False,False,False,True,False,False,False,False,True,False,False,False,False,True,False,False,13656,Sales Order,2WSH73451-0002
0,True,True,True,True,False,False,False,True,False,True,False,False,True,False,False,False,False,True,False,False,True,False,True,True,False,13656,Sales Order,2WSH73452-0002
0,False,False,True,False,False,False,False,True,False,False,False,False,True,False,False,False,True,False,False,False,False,False,True,False,False,13656,Sales Order,2WSH73453-0002
0,False,False,True,False,False,False,False,True,False,False,False,False,True,False,False,False,True,False,False,False,False,False,True,False,False,13656,Sales Order,2WSH73454-0002
0,True,True,True,True,False,False,True,True,False,True,False,True,True,False,False,False,True,False,False,False,True,False,True,True,False,13657,Sales Order,901-036-884-117
0,True,True,True,True,False,False,True,True,False,True,False,True,True,False,False,False,True,False,False,False,True,False,True,True,False,13658,Sales Order,17P2C1017-1
0,True,False,False,False,False,True,False,False,False,False,True,False,False,False,False,False,True,False,False,False,True,False,False,False,False,13659,Sales Order,1TD13G6D32403-2305
0,True,True,True,True,False,True,False,True,False,True,True,False,True,False,False,False,True,False,False,False,True,False,True,True,False,13659,Sales Order,1TD13G6D32403-2303
0,True,True,True,True,False,False,True,True,False,True,False,True,True,False,False,False,True,False,False,False,True,False,True,True,False,13660,Sales Order,70305-02107-103
0,False,False,True,False,False,False,False,True,False,False,False,False,True,False,False,False,False,True,False,False,True,False,False,False,False,13661,Sales Order,K0305NP004312-4005
0,True,True,True,True,False,False,False,True,False,True,False,False,True,False,False,False,False,True,False,False,True,False,True,True,False,13661,Sales Order,K0305NP004312-4009
